aes tiete,"['https://ri.aesbrasil.com.br/Download.aspx?Arquivo=X8hpMV0gHq0gkK4ISWMcYA==', 'https://ri.aestiete.com.br/Download.aspx?Arquivo=blPshLVXgEmigKPqJvteZw==', 'https://s3.amazonaws.com/homologadalov.cdn.aestiete.com/wp-content/uploads/2021/01/15142613/Relat%C3%B3rio-de-Sustentabilidade_2019.pdf', 'http://patrocinadores.marketingcultural.com.br/wp-content/uploads/sites/2/2020/07/RelatorioSustentabilidade2019-AES-Social.pdf', 'https://bdm.unb.br/bitstream/10483/25901/1/2019_PedroMichelFerreiraSinimbu_tcc.pdf', 'https://www.eneldistribuicaosp.com.br/Documents/Relat%202016_port.pdf', 'http://www.kmzconteudo.com.br/wp-content/uploads/conteudo/AES_Tiete_RA18_horizontal_PORT.pdf', 'http://engemausp.submissao.com.br/21/arquivos/46.pdf', 'https://anaiscbc.emnuvens.com.br/anais/article/download/4434/4435', 'http://diariooficial.imprensaoficial.com.br/doflash/prototipo/2020/Mar%C3%A7o/04/empresarial2/pdf/pg_0002.pdf', 'https://acionista.com.br/wp-content/uploads/2020/04/aes-tiete-proposta-hostil-eneva.pdf']"
brf,"['https://www.brf-global.com/wp-content/uploads/2019/05/Relat%C3%B3rio-Anual-e-de-Sustentabilidade-BRF-2018.pdf', 'https://www.brf-global.com/wp-content/uploads/2020/05/BRF_RI_2019_PORT.pdf', 'http://ri-omega2020.mz-sites.com/wp-content/uploads/sites/458/2020/10/omega-relatorio-sustentabilidade-2019.pdf', 'https://www.institutobrf.com/assets/site/media/relatorios-anuais/2019.pdf', 'https://f.hubspotusercontent20.net/hubfs/7851874/comerc-RS2019-pt.pdf', 'http://www.b3.com.br/data/files/7A/51/9D/67/02121510FE0C840592D828A8/Relate-ou-Explique-Divulgacao-2015.pdf', 'https://www.marfrig.com.br/static/pdf/relatorio-anual/Marfrig_RA19.pdf', 'https://financenews.com.br/wp-content/uploads/2020/08/BRF.pdf', 'https://api.mziq.com/mzfilemanager/v2/d/4d44a134-36cc-4fea-b520-393c4aceabb2/d3594fe5-4e13-5b33-47e6-a12faa220016?origin=1', 'http://www.dsaldo.com.br/EMPRESAS/Carnes/BRF/DFP2019.pdf', 'https://economia.estadao.com.br/fatos-relevantes/getFato/27694172']"
duratex,"['https://www.duratex.com.br/Relatorio-Anual-2019/pt/Duratex_RA_2019_pt.pdf', 'https://www.duratex.com.br/ri/pt/download/Duratex_RA_15.pdf', 'https://www.duratex.com.br/Arquivos/Download/Relatorio-de-Resultados-GFD-2019.pdf', 'https://www.duratex.com.br/Arquivos/Download/Duratex_RA_11.pdf', 'https://www.duratex.com.br/Arquivos/Download/Duratex_RA_12.pdf', 'https://www.duratex.com.br/Arquivos/Download/Duratex_Sumario_Executivo_15.pdf', 'https://www.duratex.com.br/ri/documentos/4610-Duratex-divulga-ao-mercado-Relatorio-Anual-2018-280219.pdf', 'http://www.duratex.com.br/Relatorio-Anual-2016/relatorio-anual.html', 'https://www.duratex.com.br/Relatorio-Anual-2019/en/documents/Book_Duratex_RI_ing.pdf', 'http://www.duratex.com.br/Relatorio-Anual-2018/pt/Duratex_RA_2018_pt.pdf', 'https://www.duratex.com.br/ri/pt/download/Duratex_RA_14.pdf']"
fleury,"['https://ri.fleury.com.br/fleury/web/download_arquivos.asp?id_arquivo=C8E9DA63-8F88-4E99-BDA8-AC97973D9B90', 'https://ri.fleury.com.br/fleury/web/download_arquivos.asp?id_arquivo=C493CD0D-96D6-4F8F-94C2-14B65648FDEF', 'http://www.grupofleury.com.br/SiteAssets/SitePages/downloads/fleury-relatorio-sustentabilidade.pdf', 'http://www.mzweb.com.br/fleury/web/download_arquivos.asp?id_arquivo=2FCA8AC0-7AA7-4B8A-AFB6-4A1798547C8D', 'http://www.mzweb.com.br/fleury/web/download_arquivos.asp?id_arquivo=1D37B448-4C41-47FC-AB99-DCC219054327', 'https://www.planner.com.br/wp-content/uploads/2019/04/Relat%C3%B3rio-de-In%C3%ADcio-de-Cobertura_Fleury_24_04_2019-1.pdf', 'http://www.ultra.com.br/Ultra/relatorio/2019/Relatorio_Integrado_2019.pdf', 'http://www.b3.com.br/data/files/7A/51/9D/67/02121510FE0C840592D828A8/Relate-ou-Explique-Divulgacao-2015.pdf', 'http://diariooficial.imprensaoficial.com.br/doflash/prototipo/2020/Fevereiro/20/empresarial/pdf/pg_0074.pdf', 'http://siteempresas.bovespa.com.br/DWL/FormDetalheDownload.asp?site=C&prot=739489', 'http://www.dsaldo.com.br/EMPRESAS/Servicomedico/Fleury/DFP2017.pdf']"
lojas americanas,"['https://hotsites.lasa.com.br/relatorioanual2019/', 'https://hotsites.lasa.com.br/relatorioanual2017/', 'https://hotsites.b2wdigital.com/relatorioanual2018.pdf', 'https://hotsites.b2wdigital.com/relatorioanual2019', 'https://www.basf.com/ar/documents/FEE_RA_2019.pdf', 'http://ri-omega2020.mz-sites.com/wp-content/uploads/sites/458/2020/10/omega-relatorio-sustentabilidade-2019.pdf', 'http://www.b3.com.br/data/files/7A/51/9D/67/02121510FE0C840592D828A8/Relate-ou-Explique-Divulgacao-2015.pdf', 'https://economia.estadao.com.br/fatos-relevantes/pdf/27249927.pdf', 'http://static.grendene.aatb.com.br/IFRS_DFP/1602_DFP_2019.pdf', 'http://siteempresas.bovespa.com.br/DWL/FormDetalheDownload.asp?site=C&prot=740108', 'https://brasil.arcelormittal.com.br/sala-imprensa/publicacoes-relatorios/brasil/relatorio-de-sustentabilidade-2019']"
petrobras distribuidora,"['https://www.br.com.br/wcm/connect/3ab72adc-b6f0-45f4-a0ae-81b48a53e55d/br-relatorio-sustentabilidade-2019-BR-Distribuidora.pdf?MOD=AJPERES&CVID=nlbFgvM&CVID=nidQGZV', 'https://petrobras.com.br/lumis/portal/file/fileDownload.jsp?fileId=8A19357668CECA4D0169CAA328CA539B', 'http://transparencia.petrobras.com.br/sites/default/files/Relatorio-de-Gestao%202019.pdf', 'https://epbr.com.br/wp-content/uploads/2020/06/relatorio-de-sustentabilidade-2019-final-1.pdf', 'https://www.liquigas.com.br/wps/wcm/connect/ab903c93-2dda-45ab-96af-20305534a4e3/Relatorio+de+Sustentabilidade+Liquigas+2019.pdf?MOD=AJPERES&CVID=noK4kqw&CVID=noK4kqw', 'http://siteempresas.bovespa.com.br/DWL/FormDetalheDownload.asp?site=C&prot=784842', 'https://s3.amazonaws.com/mz-filemanager/d243bdaa-0468-4f64-8c09-ba0bcee9789b/82747f20-670e-4187-b02d-ba9c6096e478_BRD_FRE%202019_v9.pdf', 'https://s3.amazonaws.com/mz-filemanager/d243bdaa-0468-4f64-8c09-ba0bcee9789b/ef59bc59-4d2a-43e0-86c4-7a368d8a8ab5_Demonstra%C3%A7%C3%B5es%20Cont%C3%A1beis%202019.pdf', 'http://www.ultra.com.br/Ultra/relatorio/2019/Relatorio_Integrado_2019.pdf', 'https://core.ac.uk/download/pdf/327050794.pdf', 'https://eaud.cgu.gov.br/relatorios/download/879033']"
b2w,"['https://hotsites.b2wdigital.com/relatorioanual2019/', 'https://hotsites.b2wdigital.com/relatorioanual2018.pdf', 'https://hotsites.lasa.com.br/relatorioanual2019/', 'https://static.lasa.com.br/upload/relatoriosanuaistrimestrais/00008120.pdf', 'http://www.b3.com.br/data/files/7A/51/9D/67/02121510FE0C840592D828A8/Relate-ou-Explique-Divulgacao-2015.pdf', 'https://economia.estadao.com.br/fatos-relevantes/getFato/19221055', 'https://financenews.com.br/wp-content/uploads/2020/05/B2W.pdf', 'https://financenews.com.br/wp-content/uploads/2019/03/21B2W.pdf', 'https://www.insper.edu.br/wp-content/uploads/2020/04/Relat%C3%B3rio-Anual-2019_digital_port.pdf', 'https://www.jsl.com.br/wp-content/uploads/2020/05/JSL_202005191728_vf.pdf', 'https://repositorio.ufsc.br/bitstream/handle/123456789/197673/TCC%20J%C3%BAlia%20Silva%20da%20Rosa.pdf?sequence=1&isAllowed=y']"
ccr,"['http://www.grupoccr.com.br/ri2019/pdf/CCR_RAS_2019.pdf', 'http://www.grupoccr.com.br/ri2019/pdf/CCR_RAS_2019_VersaoExecutiva.pdf', 'http://ri.ccr.com.br/wp-content/uploads/sites/28/2019/03/CCR_CadernoGRI_2018_portugu%C3%AAs.pdf', 'http://ri.ccr.com.br/wp-content/uploads/sites/28/2019/03/CCR_RA_21032019_port.pdf', 'https://stgprdvortxsp01.blob.core.windows.net/vxinforma/DF%202019%20-%20CCR%20SA_202004160203540124.pdf', 'http://ri-omega2020.mz-sites.com/wp-content/uploads/sites/458/2020/10/omega-relatorio-sustentabilidade-2019.pdf', 'http://diariooficial.imprensaoficial.com.br/doflash/prototipo/2020/Mar%C3%A7o/06/empresarial/pdf/pg_0023.pdf', 'https://ri.tim.com.br/Download/TIM-Relatorio-Sustentabilidade-2019?=WHdmtdXByh0vWu/8c+bJJQ==&idcanal=7K4uEYSdi63ueCEiCvWi0A==', 'https://ri.tim.com.br/Download.aspx?Arquivo=qIqGs53UjwFiXVLyLpFg+w==', 'http://www.b3.com.br/data/files/7A/51/9D/67/02121510FE0C840592D828A8/Relate-ou-Explique-Divulgacao-2015.pdf', 'https://congressousp.fipecafi.org/anais/19UspInternational/ArtigosDownload/1742.pdf']"
ecorodovias,"['https://www.ecorodovias.com.br/assets/ecorodovias-portal/media/sustainability-report/attachments/source/20200826094942063-Relat%C3%B3rio%20de%20Sustentabilidade%20EcoRodovias%202019.pdf', 'https://wappstorge.blob.core.windows.net/assets/ecorodovias-portal/media/sustainability-report/attachments/source/20190430142145482-Ecorodovias_RS2018_30042019_Simple.pdf', 'https://ecostorageapp002.blob.core.windows.net/content/Ecorodovias/PDF/2016.pdf', 'http://diariooficial.imprensaoficial.com.br/doflash/prototipo/2020/Fevereiro/19/empresarial/pdf/pg_0005.pdf', 'http://diariooficial.imprensaoficial.com.br/doflash/prototipo/2020/Fevereiro/19/empresarial/pdf/pg_0006.pdf', 'https://www.rad.cvm.gov.br/ENET/frmDownloadDocumento.aspx?Tela=ext&numProtocolo=702585&descTipo=IPE&CodigoInstituicao=1', 'http://siteempresas.bovespa.com.br/DWL/FormDetalheDownload.asp?site=C&prot=738893', 'http://www.crasainfra.com/pdfs/sustentabilidade2019.pdf', 'https://www.relatoweb.com.br/ecorodovias/12/arquivos/EcoRodovias_DFs2012_PT.pdf', 'https://economia.estadao.com.br/fatos-relevantes/getFato/15168190', 'https://silo.tips/download/com-alta-eficiencia-e-geraao-todas-as-emissoes-diretas-e-indi-das-concessionaria']"
itaú unibanco,"['https://www.itau.com.br/relacoes-com-investidores/Download.aspx?Arquivo=zczRMM4ImUdgURCZaRz1Jw==', 'https://www.itau.com.br/relacoes-com-investidores/Download.aspx?Arquivo=Yj6Z+yt5cKSIrDWQCVENdg==', 'https://www.itau.com.br/relacoes-com-investidores/Download.aspx?Arquivo=iyds6Bgw5JKeDHAuYa64Kg==&IdCanal=M5Z9mVXb8ctdHzvh47FYhg==', 'https://www.itau.com.br/relacoes-com-investidores/Download.aspx?Arquivo=VTTEcjI17BGlygfr/2vAbQ==', 'https://s3.sa-east-1.amazonaws.com/static.itausa.aatb.com.br/Documentos/8214_Itausa_Relato_Integrado_2019.pdf', 'https://s3.amazonaws.com/mz-filemanager/b77a3922-d280-4451-b3ee-0afec4577834/1af5a28c-f3a7-4c18-89c5-0800be874132_relatorio_portoseguro_sustentabilidade_2019.pdf', 'https://www.institutounibanco.org.br/relatorio-2018/assets/ra-iu-2018-web.pdf', 'https://acionista.com.br/wp-content/uploads/2020/06/itau-relatorio-anual-integrado.pdf', 'https://www.teses.usp.br/teses/disponiveis/12/12136/tde-05022016-114515/publico/CorrigidaCristianeTiemi.pdf', 'https://financenews.com.br/wp-content/uploads/2019/03/671433.-1.pdf', 'http://www.repositorio.ufal.br/bitstream/riufal/5623/1/Relato%20Integrado%3A%20capitais%20utilizados%20pelos%20bancos%20brasileiros.pdf']"
lojas renner,"['https://www.lojasrenner.com.br/blog/assets/Instituto_Lojas_Renner_2019_web.pdf', 'https://www.lojasrennersa.com.br/conteudo/relatorio-anual-lojas-renner-2018', 'https://www.lojasrennersa.com.br/conteudo/relatorio_anual_2019.pdf', 'https://api.mziq.com/mzfilemanager/d/13154776-9416-4fce-8c46-3e54d45b03a3/bafffdbb-21dc-4a5a-9454-dd477720ebc1?origin=1', 'https://www.institutolojasrenner.org.br/Satellite?blobtable=MungoBlobs&SSURIapptype=BlobServer&SSURIcontainer=Default&blobwhere=1511898349422&ssbinary=true&SSURIsession=false&blobkey=id&blobcol=urldata&blobnocache=false&SSURIsscontext=Satellite+Server', 'http://siteempresas.bovespa.com.br/DWL/FormDetalheDownload.asp?site=C&prot=663999', 'https://mz-filemanager.s3.amazonaws.com/13154776-9416-4fce-8c46-3e54d45b03a3/file_manager/221fa669-d723-43ae-8e6c-f61733871e6c/resumo_do_relato_integrado_2018.pdf', 'http://www.b3.com.br/data/files/7A/51/9D/67/02121510FE0C840592D828A8/Relate-ou-Explique-Divulgacao-2015.pdf', 'https://esags.edu.br/wp-content/uploads/2019/06/revista-estudos-nego%CC%81cios-carreiras-do-seculo-xxi.pdf', 'https://engemausp.submissao.com.br/22/arquivos/306.pdf', 'https://economia.estadao.com.br/fatos-relevantes/getFato/27832568']"
santander,"['https://cms.santander.com.br/sites/WPS/documentos/arq-caderno-indicadores-2019/20-03-25_214457_cadernoindicadoressantander.pdf', 'https://guiadosbancosresponsaveis.org.br/media/494740/relatorio-gbr-2018-atualizado.pdf', 'https://www.cemig.com.br/wp-content/uploads/2020/07/ras-2019.pdf', 'http://diariooficial.imprensaoficial.com.br/doflash/prototipo/2020/Fevereiro/01/empresarial/pdf/pg_0007.pdf', 'http://siteempresas.bovespa.com.br/DWL/FormDetalheDownload.asp?site=C&prot=610730', 'https://contrafcut.com.br/wp-content/uploads/2020/07/df-brgaap-1t20.pdf', 'https://www.bp.org.br/2018/balancos_sociais/relatorio_de_sustentabilidade_2018_bp.pdf', 'https://en.amecbrasil.org.br/wp-content/uploads/2016/11/relatorio-stewardship-santander-2018.pdf', 'https://www2.santandercorretora.com.br/Cache/14451102019CarteiraIbovespa.pdf', 'https://www.bradescori.com.br/wp-content/uploads/sites/541/2021/01/717_1_RELATORIO_2019_PORTUGUES.pdf', 'https://www.itau.com.br/relacoes-com-investidores/Download.aspx?Arquivo=Yj6Z+yt5cKSIrDWQCVENdg==']"
banco do brasil,"['https://www.bb.com.br/docs/portal/japao/BBRelatAnual2019.pdf', 'https://www.bb.com.br/docs/portal/bbprevidencia/Relatorio-Anual-2019.pdf', 'https://www.bb.com.br/docs/portal/dtvm/stewardship2020.pdf', 'https://www.bb.com.br/docs/pub/inst/dwn/PrevidRelatAnual2017.pdf', 'https://s3.amazonaws.com/mz-filemanager/5760dff3-15e1-4962-9e81-322a0b3d0bbd/4ae84766-e2fd-4317-80ed-0eb399a80b02_BB%20Relato%CC%81rio%20Anual%202018.pdf', 'https://www.caixa.gov.br/Downloads/caixa-relatorio-sustentabilidade/Relatorio_Sustentabilidade_Caixa_2018.pdf', 'https://cms.santander.com.br/sites/WPS/documentos/arq-caderno-indicadores-2019/20-03-25_214457_cadernoindicadoressantander.pdf', 'https://www.bnb.gov.br/documents/320335/3959651/RELAT%C3%93RIO+DE+SUSTENTABILIDADE+2019+Diagramado.pdf/aa76ad80-5b29-b181-7bab-b9305b5d90e9', 'https://ri.cielo.com.br/wp-content/uploads/sites/71/2020/05/08052020_CIELO_RS2019.pdf', 'https://www.brasilcap.com/brasilcap/downloads/RelatorioAnual2019.pdf', 'http://ri.btgpactual.com/download_arquivos.asp?id_arquivo=77C4BB57-6BDE-4FC5-A2EC-3C489AF57DF3']"
cemig,"['https://www.cemig.com.br/wp-content/uploads/2020/07/ras-2019.pdf', 'https://www.cemig.com.br/wp-content/uploads/2020/07/cemig-gt-relatorio-anual-de-responsabilidade-socioambiental-das-empresas-de-energia-eletrica-2019.pdf', 'https://novoportal.cemig.com.br/wp-content/uploads/2020/07/ras-2017.pdf', 'https://novoportal.cemig.com.br/wp-content/uploads/2020/07/cemig-d-relatorio-anual-de-responsabilidade-socioambiental-das-empresas-de-energia-eletrica-2019.pdf', 'http://relatorio2016.cemig.com.br/impressao_pt.pdf', 'https://www.cemig.com.br/wp-content/uploads/2020/08/ras-2014.pdf', 'https://www.cemig.com.br/wp-content/uploads/2020/07/carta-anual-cemig-2019.pdf', 'https://api.mziq.com/mzfilemanager/v2/d/50b51302-4c48-4351-b296-bfcbe65fd70a/7b6b2b1d-0668-755c-c1f0-ebcfe5a3971c?origin=2', 'https://celeoredesbrasil.com.br/wp-content/uploads/2019/05/__2019_06_17_Celeo_RAs2018_portugues%20(1).pdf', 'http://ri.light.com.br/wp-content/uploads/sites/245/2020/04/RA-Light-2019.pdf', 'http://www.aneel.gov.br/documents/656815/14887148/Relat%C3%B3rio+Base+2019+1T+2019+06+04.pdf/342e31ce-73e5-8acb-c926-e83684e2ab0a']"
edp,"['https://web3.cmvm.pt/sdi/emitentes/docs/CONV74817.pdf', 'https://brasil.edp.com/sites/edpbr/files/2020-04/EDP_RA2019.2.pdf', 'https://www.edp.com/sites/default/files/relatorio_de_sustentabilidade_2018_pt_0.pdf', 'http://siteempresas.bovespa.com.br/DWL/FormDetalheDownload.asp?site=C&prot=739051', 'http://diariooficial.imprensaoficial.com.br/doflash/prototipo/2020/Fevereiro/28/empresarial/pdf/pg_0073.pdf', 'http://www.aneel.gov.br/documents/656815/14887148/Relat%C3%B3rio+Base+2019+1T+2019+06+04.pdf/342e31ce-73e5-8acb-c926-e83684e2ab0a', 'https://www.enel.com.br/content/dam/enel-br/quemsomos/relatorios-anuais/2013/sustentabilidade_2013.pdf', 'http://engemausp.submissao.com.br/21/arquivos/46.pdf', 'https://www.celesc.com.br/arquivos/relatorios/relatorio-sustentabilidade-2019.pdf', 'https://apicatalog.mziq.com/filemanager/v2/d/fdc31e8d-cd08-47c5-8b5c-3f120d561d2b/feb53126-00b1-4deb-416f-912d8e2a8295?origin=2', 'http://www.b3.com.br/data/files/7A/51/9D/67/02121510FE0C840592D828A8/Relate-ou-Explique-Divulgacao-2015.pdf']"
itaú sa,"['https://www.itau.com.br/relacoes-com-investidores/Download.aspx?Arquivo=zczRMM4ImUdgURCZaRz1Jw==', 'https://www.itau.com.br/relacoes-com-investidores/Download.aspx?Arquivo=iyds6Bgw5JKeDHAuYa64Kg==&IdCanal=M5Z9mVXb8ctdHzvh47FYhg==', 'https://www.itau.com.br/relacoes-com-investidores/Download.aspx?Arquivo=Yj6Z+yt5cKSIrDWQCVENdg==', 'https://www.itau.com.br/relacoes-com-investidores/Download.aspx?Arquivo=VTTEcjI17BGlygfr/2vAbQ==', 'https://s3.sa-east-1.amazonaws.com/static.itausa.aatb.com.br/Documentos/8214_Itausa_Relato_Integrado_2019.pdf', 'https://ri.tim.com.br/Download/TIM-Relatorio-Sustentabilidade-2019?=WHdmtdXByh0vWu/8c+bJJQ==&idcanal=7K4uEYSdi63ueCEiCvWi0A==', 'https://www.planner.com.br/wp-content/uploads/2019/02/Relat%C3%B3rio-de-An%C3%A1lise-Ita%C3%BAsa-19_02_19.pdf', 'http://www.repositorio.ufal.br/bitstream/riufal/5623/1/Relato%20Integrado%3A%20capitais%20utilizados%20pelos%20bancos%20brasileiros.pdf', 'https://www.itausa.com.br/Download/Apresentacao?=+qHZ9pcBAp2cTo5NwYwthg==', 'https://www.itausa.com.br/ListResultados/Download.aspx?Arquivo=qn/TvyS8lA1PIu4gf6kaJA==', 'https://www.duratex.com.br/Arquivos/Download/Duratex_RA_11.pdf']"
movida,"['https://mz-prod-cvm.s3.amazonaws.com/23825/IPE/2020/46f066e9-6a24-41b5-a3c6-800b6f9ba938/20200310211752755424_23825_744653.pdf', 'https://mz-prod-cvm.s3.amazonaws.com/19739/IPE/2020/cd60d9ed-1f10-4339-a234-d7261e62ea12/20200610114859332701_19739_767775.pdf', 'https://www.jsl.com.br/wp-content/uploads/2020/05/JSL_202005191728_vf.pdf', 'http://diariooficial.imprensaoficial.com.br/doflash/prototipo/2020/Mar%C3%A7o/12/empresarial/pdf/pg_0014.pdf', 'https://ri.tim.com.br/Download/TIM-Relatorio-Sustentabilidade-2019?=WHdmtdXByh0vWu/8c+bJJQ==&idcanal=7K4uEYSdi63ueCEiCvWi0A==', 'http://ri-omega2020.mz-sites.com/wp-content/uploads/sites/458/2020/10/omega-relatorio-sustentabilidade-2019.pdf', 'https://www.cemig.com.br/wp-content/uploads/2020/07/ras-2019.pdf', 'http://www.grupoccr.com.br/ri2019/pdf/CCR_RAS_2019.pdf', 'https://ri.rd.com.br/Download.aspx?Arquivo=SMYdpW2RqW0KqW9Ve46RGA==', 'https://www.cpfl.com.br/institucional/relatorio-anual/Documents/CPFL_RelatorioAnual2019.pdf', 'https://jbs.com.br/wp-content/uploads/2020/05/ras-jbs-2019-port-final.pdf']"
telefonica,"['http://ri.telefonica.com.br/Arquivos/Relatorio_de_Sustentabilidade_2018.pdf', 'https://www.telefonica.com.br/servlet/Satellite?blobcol=urldata&blobheader=application%2Fpdf&blobkey=id&blobtable=MungoBlobs&blobwhere=1385590195161&ssbinary=true', 'https://www.telefonica.com.br/servlet/Satellite?blobcol=urldata&blobheader=application%2Fpdf&blobkey=id&blobtable=MungoBlobs&blobwhere=1385589982503&ssbinary=true', 'http://ri.telefonica.com.br/Arquivos/VIVO_ESG_2020.pdf', 'http://ri.telefonica.com.br/pt/documentos/1981-DFP-2019.pdf', 'http://ri.telefonica.com.br/Arquivos/Relatorio_de_Sustentabilidade_2019.pdf', 'https://ri.tim.com.br/Download/TIM-Relatorio-Sustentabilidade-2019?=WHdmtdXByh0vWu/8c+bJJQ==&idcanal=7K4uEYSdi63ueCEiCvWi0A==', 'http://www.internetlab.org.br/wp-content/uploads/2017/04/Telefonica_RS2015_20160810-relatorio-sustentabilidade.pdf', 'http://diariooficial.imprensaoficial.com.br/doflash/prototipo/2020/Fevereiro/19/empresarial/pdf/pg_0022.pdf', 'https://economia.estadao.com.br/fatos-relevantes/getFato/23202633', 'https://mz-prod-cvm.s3.amazonaws.com/19739/IPE/2020/cd60d9ed-1f10-4339-a234-d7261e62ea12/20200610114859332701_19739_767775.pdf']"
bradesco,"['https://www.bradescori.com.br/wp-content/uploads/sites/541/2021/01/717_1_RELATORIO_2019_PORTUGUES.pdf', 'https://acionista.com.br/wp-content/uploads/2020/06/bradesco-relatorio-integrado-2019.pdf', 'https://www.bradescosustentabilidade.com.br/manager/uploads/file/Mudan%C3%A7as%20Clim%C3%A1ticas_Bradesco.pdf', 'http://www.kmzconteudo.com.br/wp-content/uploads/conteudo/bradesco-2016-relatoriointegrado.pdf', 'https://fundacao.bradesco/Content/Documents/Relatorio_de_atividades_2019_PT.pdf', 'http://www.b3.com.br/data/files/7A/51/9D/67/02121510FE0C840592D828A8/Relate-ou-Explique-Divulgacao-2015.pdf', 'http://www.b3.com.br/data/files/78/97/64/E1/665765103CC08565790D8AA8/Banco-de-dados-2016.pdf', 'http://www.repositorio.ufal.br/bitstream/riufal/5623/1/Relato%20Integrado%3A%20capitais%20utilizados%20pelos%20bancos%20brasileiros.pdf', 'https://www.itau.com.br/relacoes-com-investidores/Download.aspx?Arquivo=Yj6Z+yt5cKSIrDWQCVENdg==', 'https://www.banpara.b.br/media/261047/relat_rio_de_sustentabilidade.pdf', 'https://api.mziq.com/mzfilemanager/v2/d/80f2e993-0a30-421a-9470-a4d5c8ad5e9f/d0d9f89d-1afe-43bb-ad75-8362cfe875db?origin=1']"
cielo,"['https://ri.cielo.com.br/wp-content/uploads/sites/71/2020/05/08052020_CIELO_RS2019.pdf', 'https://www.cielo.com.br/assets/files/Cielo-Relatorio-de-Sustentabilidade-2018_Portugues.pdf', 'https://cielosustentabilidade.com.br/wp-content/uploads/2020/08/CIELO_RS2019_ACESSIVEL_investidores_D3.1.pdf', 'https://www.rad.cvm.gov.br/ENET/frmDownloadDocumento.aspx?Tela=ext&numProtocolo=760112&descTipo=IPE&CodigoInstituicao=1', 'https://www.rad.cvm.gov.br/ENET/frmDownloadDocumento.aspx?Tela=ext&numProtocolo=683523&descTipo=IPE&CodigoInstituicao=1', 'https://acionista.com.br/wp-content/uploads/2020/05/cielo-rel-anual-sust-2019.pdf', 'https://financenews.com.br/wp-content/uploads/2020/01/Cielo.pdf', 'http://www.kmzconteudo.com.br/wp-content/uploads/conteudo/Cielo_2017.pdf', 'https://hotsites.b2wdigital.com/relatorioanual2019', 'http://www.b3.com.br/data/files/7A/51/9D/67/02121510FE0C840592D828A8/Relate-ou-Explique-Divulgacao-2015.pdf', 'https://www.itau.com.br/relacoes-com-investidores/Download.aspx?Arquivo=Yj6Z+yt5cKSIrDWQCVENdg==']"
eletrobras,"['http://www.eletrobraspar.com/services/DocumentManagement/FileDownload.EZTSvc.asp?DocumentID=%7BE136EA9C-35EF-430E-8D86-7A52528E684F%7D&ServiceInstUID=%7BC6EDC0EA-F664-4125-9CE8-A4946883D33F%7D', 'http://www.chesf.gov.br/sustentabilidade/Documents/Relat%C3%B3rio%20de%20Sustentabilidade%202019.pdf', 'https://acionista.com.br/wp-content/uploads/2020/08/Eletrobras_RA_2019.pdf', 'https://eletrobras2019.blendon.com.br/wp-content/uploads/2020/09/Eletrobras_RA_2019_resumido_port_297x210mm_AF-1.pdf', 'https://www.eletronuclear.gov.br/Imprensa-e-Midias/Documents/Eletronuclear_RA_2019_port_final.pdf', 'https://www.epe.gov.br/sites-pt/acesso-a-informacao/institucional/Relatrio%20de%20administrao/Relat%C3%B3rio%20Integrado%202019.pdf', 'https://s3-us-west-2.amazonaws.com/ungc-production/attachments/cop_2019/475982/original/Eletronorte_Relatorio_de__Sustentabilidade_2018.pdf?1561598110', 'http://engemausp.submissao.com.br/22/arquivos/15.pdf', 'http://ri.eneldistribuicaosp.com.br/Download.aspx?Arquivo=VArJdmugl4RNXQdlHOR8pA==', 'http://www.equatorialalagoas.com.br/wp-content/uploads/arquivos/Relatorio-Anual-e-de-Sustentabilidade-Eletrobras-2013.pdf', 'https://economia.estadao.com.br/fatos-relevantes/pdf/27459735.pdf']"
klabin,"['https://api.mziq.com/mzfilemanager/v2/d/1c41fa99-efe7-4e72-81dd-5b571f5aa376/148dd8f9-7279-e6be-01bc-d67b2a80725d?origin=1', 'https://rs.klabin.com.br/wp-content/uploads/2020/06/Declara%C3%A7%C3%A3o-de-Garantia_Klabin_RS2019.pdf', 'https://rs.klabin.com.br/wp-content/uploads/2020/06/klabin-RS19-impresso-PT-4.pdf', 'https://rs2018.klabin.com.br/wp-content/uploads/2019/07/Declara%C3%A7%C3%A3o-de-Garantia_Klabin_RS2018_vf.pdf', 'https://klabin.com.br/es/wp-content/uploads/sites/3/2019/10/RelatorioSustentabilidade2011.pdf', 'https://klabin.com.br/relatorio-klabin-greenbond-pt.pdf', 'https://klabin.com.br/wp-content/uploads/2021/02/Relatorio-de-Sustentabilidade-2016.pdf', 'https://doity.com.br/media/doity/submissoes/artigo-6ec7a63ead8aaa44cf0db502f230aaf951d14fd7-arquivo.pdf', 'https://engemausp.submissao.com.br/22/arquivos/651.pdf', 'https://s3-us-west-2.amazonaws.com/ungc-production/attachments/cop_2019/480964/original/COP2019_executive_summary_Klabin.pdf?1574703525', 'http://siteempresas.bovespa.com.br/DWL/FormDetalheDownload.asp?site=C&prot=734276']"
mrv,"['https://www.mrv.com.br/sustentabilidade/upload/Publicacoes/mrv_relatorio_sustentabilidade_2019-20200821101108.pdf', 'https://www.mrv.com.br/sustentabilidade/upload/Publicacoes/mrv-18-20190703143606.pdf', 'https://www.mrv.com.br/sustentabilidade//upload/Publicacoes/relatorio-mrv-ods-simplificado-190630-versao-03-20190702115547.pdf', 'https://www.mrv.com.br/sustentabilidade/upload/Publicacoes/relatorio_de_sustentabilidade_2017_mrv-20180625105526.pdf-20180625152838.pdf-20180628103913.pdf', 'https://www.mrv.com.br/sustentabilidade//upload/Publicacoes/visao2030-20200220110010.pdf', 'https://www.mrv.com.br/sustentabilidade/upload/Publicacoes/mrv_rs17_ing_28-06_ok-20180629164741.pdf', 'https://ri.mrv.com.br/List/Download.aspx?Arquivo=bDQhU9O4deC1KCKU4q2dZA==', 'https://mz-prod-cvm.s3.amazonaws.com/19739/IPE/2020/cd60d9ed-1f10-4339-a234-d7261e62ea12/20200610114859332701_19739_767775.pdf', 'https://economia.estadao.com.br/fatos-relevantes/getFato/27264547', 'http://engemausp.submissao.com.br/22/arquivos/260.pdf', 'https://www.institutomrv.com.br/upload/ArquivoSobre/relatorio-instituto-2019_637279231756790599.pdf']"
tim,"['https://ri.tim.com.br/Download/TIM-Relatorio-Sustentabilidade-2019?=WHdmtdXByh0vWu/8c+bJJQ==&idcanal=7K4uEYSdi63ueCEiCvWi0A==', 'http://ri.tim.com.br/Download.aspx?Arquivo=d9oYHyB29vOq817gNZUedw==', 'https://ri.tim.com.br/Download.aspx?Arquivo=qIqGs53UjwFiXVLyLpFg+w==', 'http://ri.tim.com.br/Download/TIM_Relatorio_de_Sustentabilidade_2016?=oWB/utRsQaLbtqToKUxYdg==&idcanal=7K4uEYSdi63ueCEiCvWi0A==', 'https://oifuturo.org.br/wp-content/uploads/2018/10/Oi_RSO_2018_port.pdf', 'https://jbs.com.br/wp-content/uploads/2020/05/ras-jbs-2019-port-final.pdf', 'https://www.enel.com.br/content/dam/enel-br/quemsomos/relatorios-anuais/2018/Relat%C3%B3rio_de_Sustentabilidade_Enel_no_Brasil_2018.pdf', 'http://www.b3.com.br/data/files/78/97/64/E1/665765103CC08565790D8AA8/Banco-de-dados-2016.pdf', 'http://www.irani.com.br/wp-content/uploads/2020/06/Relat%C3%B3rio-Sustentabilidade-2019.pdf', 'https://api.mziq.com/mzfilemanager/v2/d/6aebbd40-9373-4b5a-8461-9839bd41cbbb/9edaff15-a532-c76c-d8dc-73e07a1ed720?origin=1', 'https://portalepc.com.br/wp-content/uploads/2020/07/Relat%C3%B3rio-Anual-de-Sustentabilidade-2020.pdf']"
braskem,"['https://www.braskem.com/download/RI/22196', 'https://www.braskem.com.br/portal/Principal/arquivos/relatorio-anual/2019/BRASKEM_2020_portugues.pdf', 'https://www.braskem.com.br/download/RI/10331', 'https://www.braskem.com.br/Portal/Principal/arquivos/relatorio-anual/2018/2019_06_18_Braskem_RAS2018_portugues_interativo_v6.pdf', 'https://www.braskem.com.br/download/RI/21879', 'http://www.braskem.com.br/portal/Principal/arquivos/Comunidades/Relatorio_Responsabilidade_Social_2019_pt-br.pdf', 'https://www.braskem.com.br/Portal/Principal/arquivos/relatorio-anual/2017/2018-07-10-RAS2017-Braskem-PDF-interativo-portugues.pdf', 'https://www.braskem.com.br/download/RI/22030', 'http://www.braskem-ri.com.br/download/RI/22081', 'https://www.oxiteno.com.br/wp-content/uploads/2020/05/2019_RAS_Interativo.pdf', 'http://www.braskem-ri.com.br/download/RI/10330']"
copel,"['https://www.copel.com/hpcweb/wp-content/uploads/2020/06/Relat%C3%B3rio-socioambiental-GeT-2019.pdf', 'https://www.copel.com/hpcweb/download/5209/', 'https://www.copel.com/hpcweb/download/5221/', 'https://www.copel.com/hpcopel/root/nivel2.jsp?endereco=%2Fhpcopel%2Fsustentabilidade%2Fpagcopel2.nsf%2Fdocs%2F65AEA9947F00912203257CDF0068440D', 'https://www.copel.com/hpcweb/download/5212/', 'https://www.copel.com/hpcopel/root/sitearquivos2.nsf/arquivos/relatorio_desafio_sustentabilidade/$FILE/Relat%C3%B3rio_Desafio%20da%20Sustentabilidade_v5_Final.pdf', 'https://www.copel.com/hpcopel/root/sitearquivos2.nsf/arquivos/relatorio2017/$FILE/RelAnual17.pdf', 'https://www.copel.com/hpcweb/download/4348/', 'https://mz-prod-cvm.s3.amazonaws.com/14311/IPE/2020/ac03d8dd-9c51-4bce-9958-fed6ff0f5dab/20200616230407133933_14311_769651.pdf', 'http://engemausp.submissao.com.br/21/arquivos/46.pdf', 'http://www.aneel.gov.br/documents/656815/14887148/Relat%C3%B3rio+Base+2019+1T+2019+06+04.pdf/342e31ce-73e5-8acb-c926-e83684e2ab0a']"
engie,"['https://www.engie.com.br/uploads/2020/05/ENGIE_RS2019.pdf', 'https://www.engie.com.br/uploads/2019/05/ENGIE_RS18_Caderno_principal.pdf', 'https://www.engie.com.br/uploads/2018/11/RELATORIO_UHPF_2019_FINAL.pdf', 'https://www.engie.com.br/uploads/2020/02/EBE-DF-Completa-2019-2.pdf', 'https://www.engie.com.br/uploads/2018/12/RS-ENGIE_-2017_PT-sem-menu.pdf', 'https://relatoweb.com.br/engie/2016/pdf/Engie_2016.pdf', 'http://engemausp.submissao.com.br/21/arquivos/46.pdf', 'https://www.sistema.pavarini.com.br/Banco%20de%20Arquivos/DebenturesRegistro/ENGIE%20BRASIL%20ENERGIA%20SA%20-%209%20E%20-%201%20S/RAF_relatorioadm_RA_ENGIE_2019.pdf', 'http://www.pefran.com.br/empresas2012/engie_brasil_energia/legal/[32979]-engie_brasil_energia_legal_bal_anual_31-12-2018_doesc_dcsc/internet/arte/[32979]-25.pdf', 'https://novoportal.cemig.com.br/wp-content/uploads/2020/07/ras-2017.pdf', 'https://economia.estadao.com.br/fatos-relevantes/getFato/27833029']"
light,"['http://ri.light.com.br/wp-content/uploads/sites/245/2020/04/RA-Light-2019.pdf', 'https://api.mziq.com/mzfilemanager/v2/d/50b51302-4c48-4351-b296-bfcbe65fd70a/7b6b2b1d-0668-755c-c1f0-ebcfe5a3971c?origin=2', 'http://www.aneel.gov.br/documents/656815/14887148/Relat%C3%B3rio+Base+2019+1T+2019+06+04.pdf/342e31ce-73e5-8acb-c926-e83684e2ab0a', 'https://www.cemig.com.br/wp-content/uploads/2020/07/ras-2019.pdf', 'https://f.hubspotusercontent20.net/hubfs/7851874/comerc-RS2019-pt.pdf', 'https://www.enel.com.br/content/dam/enel-br/quemsomos/relatorios-anuais/2019/34_enel_sustentabilidade-digital_19_fm.pdf', 'https://www.cocacolabrasil.com.br/content/dam/journey/br/pt/private/pdfs/relatorio-de-sustentabilidade-2019.pdf', 'http://engemausp.submissao.com.br/21/arquivos/46.pdf', 'https://www.banpara.b.br/media/246864/relat_rio_de_sustentabilidade_2018_13062019.pdf', 'http://www.b3.com.br/data/files/7A/51/9D/67/02121510FE0C840592D828A8/Relate-ou-Explique-Divulgacao-2015.pdf', 'http://www.b3.com.br/data/files/F7/07/8C/C9/5B243510DF0CA135790D8AA8/GRI-G4-Manual-de-Implementacao.pdf']"
natura,"['https://static.rede.natura.net/html/home/2020/br_05/relatorio-anual/relatorio_anual_natura_2019.pdf', 'https://static.rede.natura.net/html/2019/a-natura/pdf/relatorio_anual_natura_2018.pdf', 'https://naturaeco.com/report_2019_pt.pdf', 'https://repositorio.ufu.br/bitstream/123456789/25632/3/Evolu%C3%A7%C3%A3oDivulga%C3%A7%C3%A3oInforma%C3%A7%C3%B5es.pdf', 'https://edisciplinas.usp.br/mod/resource/view.php?id=2914582', 'https://www.relatoweb.com.br/natura/13/sites/default/files/natura_2013_completo_gri.pdf', 'https://www.relatoweb.com.br/natura/13/sites/default/files/nat_gri_2012_pt_af_1704.pdf', 'https://www.institutonatura.org/relatorioanual2019/DF_Instituto_Natura_2019.pdf', 'https://cebds.org/aquasfera/wp-content/uploads/2018/11/Relatorio-anual-2017-Natura.pdf', 'http://www.anpad.org.br/diversos/down_zips/38/APS-C3013.pdf', 'https://revista.ajes.edu.br/index.php/rca/article/download/317/257']"
weg,"['https://api.mziq.com/mzfilemanager/v2/d/50c1bd3e-8ac6-42d9-884f-b9d69f690602/fdde12c1-c8b9-975d-3031-2d713a47381e?origin=1', 'http://ri-omega2020.mz-sites.com/wp-content/uploads/sites/458/2020/10/omega-relatorio-sustentabilidade-2019.pdf', 'http://static.weg.net/medias/h50/hff/RELAT-RIO-ANUAL-INTEGRADO-WEG-2016.pdf', 'https://static.weg.net/medias/h5c/hea/Relatorio-de-Sustentabilidade-WEG-2018_web.pdf', 'https://mz-filemanager.s3.amazonaws.com/50c1bd3e-8ac6-42d9-884f-b9d69f690602/relatorios-anuaiscentral-de-downloads/72c69dfd6be075a725efa2b28b07860fd35800e2f18223eed3bb492e6d909ad6/relatorio_anual_integrado_2018.pdf', 'http://periodicos.ceap.br/index.php/rcmc/article/download/42/33', 'https://www.engie.com.br/uploads/2019/05/ENGIE_RS18_Caderno_principal.pdf', 'http://www.b3.com.br/data/files/7A/51/9D/67/02121510FE0C840592D828A8/Relate-ou-Explique-Divulgacao-2015.pdf', 'https://repositorio.ufsc.br/bitstream/handle/123456789/197673/TCC%20J%C3%BAlia%20Silva%20da%20Rosa.pdf?sequence=1&isAllowed=y', 'http://siteempresas.bovespa.com.br/consbov/ArquivosExibe.asp?site=C&protocolo=679337', 'https://www.ccfb.com.br/arquivos/Fotos/CCIFB%20S%C3%A3o%20Paulo/2020/Guia%20sustentabilidade/Guia_Sustentabilidade_CCI.pdf?_t=1579795694']"
