,palavras,quantidade
0,meio ambiente,120
1,relatório,119
2,br,98
3,ambiente segurança,95
4,anexo gri,92
5,saúde anexo,91
6,gri br,90
7,pessoas desempenho,88
8,apresentação pessoas,87
9,sustentabilidade,86
10,gestão,82
11,marca,67
12,inovação,60
13,processo,50
14,segurança,49
15,produto,49
16,colaboradores,49
17,sociedade meio,48
18,inovação sociedade,47
19,negócio,43
20,programa,43
21,todo,43
22,empresa,42
23,sustentabilidade sociedade,42
24,saúde,42
25,sociedade marca,42
26,cliente,42
27,redução,38
28,serviço,38
29,combustíveis,37
30,risco,37
31,mercado,36
32,ano,35
33,trabalho,33
34,energia,33
35,posto,32
36,consumo,32
37,atividade,31
38,desenvolvimento,28
39,distribuição,27
40,número,26
41,iniciativa,25
42,ações,25
43,companhia,25
44,acordo,23
45,sistema,23
46,dado,23
47,política,23
48,rede,22
49,plano,22
50,tema,22
51,abordagem,21
52,sobre,21
53,desempenho,20
54,gases,20
55,governança,20
56,emissões,19
57,ética,19
58,relacionamento,18
59,conselho,18
60,partir,18
61,uso,17
62,forma,17
63,janeiro,17
64,área,17
65,avaliação,17
66,efeito estufa,17
67,dia,16
68,parceria,16
69,impacto,16
70,transporte,16
71,sms,16
72,setor,16
73,projeto,16
74,relação,16
75,unidade,16
76,comitê,15
77,resultado,15
78,atendimento,15
79,administração,15
80,outra,15
81,sede,15
82,operações,14
83,corrupção,14
84,país,14
85,fornecedores,14
86,toda,14
87,estratégia,14
88,desde,14
89,além,14
90,fonte,14
91,conformidade,13
92,qualidade,13
93,direitos humanos,13
94,gri standard,13
95,rio,13
96,evento,13
97,limite,13
98,cadeia,12
99,conveniência,12
100,foco,12
101,indicadores,12
102,modelo,12
103,mobilidade,12
104,combustível,12
105,revendedores,12
106,público,12
107,canal,12
108,fábrica,11
109,asseguração,11
110,controle,11
111,conjunto,11
112,diesel,11
113,revisão,11
114,gás natural,11
115,criação,11
116,organização,11
117,ano base,11
118,cerca,10
119,além disso,10
120,consumidores,10
121,acidente,10
122,stakeholder,10
123,prevenção,10
124,mil m³,10
125,tópico material,10
126,taxa,10
127,diretoria executiva,10
128,região,10
129,participação,10
130,conduta,10
131,logística,9
132,aviação,9
133,relacionada,9
134,integridade,9
135,transformação digital,9
136,diretor executivo,9
137,água,9
138,nova,9
139,combate,9
140,componentes,9
141,órgão,9
142,mudança,9
143,objetivo,9
144,custo,9
145,maior,9
146,realizada,9
147,sociais,9
148,melhoria,9
149,parte,9
150,força,9
151,realizamos,9
152,outro,9
153,campanha,9
154,evolução,8
155,valor,8
156,água reciclada,8
157,realizado,8
158,atuação,8
159,explicação sobre,8
160,escopo,8
161,br mania,8
162,asfalto,8
163,volume,8
164,capacidade,8
165,geração,8
166,estado,8
167,acionista,8
168,gerenciamento,8
169,inovação gri,8
170,economia,8
171,segmento,8
172,standard divulgação,8
173,principais,8
174,comunidade,8
175,gestão explicação,8
176,tratamento,8
177,cada,8
178,responsabilidade social,8
179,divulgação página,8
180,transformação organizacional,8
181,ainda,8
182,url omissão,8
183,fraude,8
184,governança corporativa,8
185,página url,8
186,guia,8
187,durante,7
188,incluindo,7
189,diretrizes,7
190,período,7
191,follow,7
192,alinhamento,7
193,gênero,7
194,denúncia,7
195,anual,7
196,gri abordagem,7
197,investimento,7
198,agenda,7
199,co equivalente,7
200,devido,7
201,passou,7
202,promoção,7
203,resíduos,7
204,conta,7
205,materialidade,7
206,compliance,7
207,organizações,7
208,mulheres,7
209,contexto,7
210,alto órgão,7
211,emergência,7
212,fórum,7
213,vida,7
214,milhões,7
215,utilizado,7
216,monitoramento,7
217,índice,7
218,desempenho econômico,7
219,cálculo,7
220,através,7
221,membro,7
222,parceiro,7
223,equipe,7
224,auditor líder,7
225,venda,7
226,conteúdo,7
227,treinamento,7
228,informações,6
229,ambientais,6
230,fornecedores revendedores,6
231,potencial,6
232,produção,6
233,diretor,6
234,diversidade,6
235,ﬁrelatório,6
236,base,6
237,diretoria,6
238,engajamento,6
239,proporção,6
240,partes interessadas,6
241,fatores,6
242,respeito,6
243,requisitos,6
244,junho,6
245,emissões indiretas,6
246,transparência,6
247,corporativa,6
248,contrato,6
249,percentual,6
250,lei,6
251,relacionados,6
252,melhores práticas,6
253,boas práticas,6
254,avaliações,6
255,cenário,6
256,espírito santo,6
257,neste capítulo,6
258,positivo,6
259,plataforma,6
260,julho,6
261,caso,6
262,aumento,6
263,energias renováveis,6
264,código,6
265,lesões,6
266,avanço,6
267,paulo,6
268,gente,6
269,energia elétrica,6
270,responsabilidade,6
271,dentro,6
272,prêmio,6
273,comparação,6
274,responsável,6
275,categoria,6
276,instalações,6
277,recebemos,6
278,principal,6
279,realização,6
280,preço,5
281,mecanismo,5
282,neste relatório,5
283,termo,5
284,startup,5
285,podem,5
286,presente,5
287,exemplo,5
288,aquisição,5
289,prática,5
290,demais,5
291,intensidade energética,5
292,norma,5
293,seguinte,5
294,ponto,5
295,divulgações gerais,5
296,acesso,5
297,ouvidoria,5
298,gri divulgações,5
299,informação,5
300,oportunidade,5
301,manter,5
302,dezembro,5
303,contato,5
304,energia consumida,5
305,nível,5
306,milhão,5
307,unidades operacionais,5
308,auditoria,5
309,atender,5
310,função,5
311,comunicação,5
312,mercado consumidor,5
313,setores,5
314,linha,5
315,incentivo,5
316,outras empresas,5
317,frota,5
318,informações sobre,5
319,gasolina,5
320,conselho fiscal,5
321,consumidor,5
322,inclui,5
323,visão,5
324,intensidade,5
325,fornecimento,5
326,emissões atmosféricas,5
327,colaboradores fornecedores,5
328,centro,5
329,compromisso,5
330,inventário,5
331,oferta pública,5
332,soluções,5
333,garantir,5
334,vazamento,5
335,ghg protocol,5
336,econômicos ambientais,5
337,iniciamos,5
338,sustentabilidade ﬂ,5
339,circo crescer,5
340,estrutura,5
341,carreira,5
342,relativo,5
343,sustentabilidade neste,5
344,reconhecimento,4
345,destaque,4
346,negociação coletiva,4
347,temas materiais,4
348,desenvolvido,4
349,novo mercado,4
350,primeira vez,4
351,atuamos,4
352,dias perdidos,4
353,primeiro,4
354,lembrada,4
355,média anual,4
356,remuneração média,4
357,motorista,4
358,abastecimento,4
359,movimentação,4
360,emissão,4
361,afastamento,4
362,fortalecer,4
363,ti,4
364,trabalho escravo,4
365,queixa,4
366,fichas,4
367,pesquisa,4
368,condições,4
369,curto prazo,4
370,marketing,4
371,direcionadores estratégicos,4
372,derivados,4
373,composto,4
374,governo,4
375,otimizar,4
376,continuamos,4
377,operações logística,4
378,manutenção,4
379,transição,4
380,engajamento comunitário,4
381,nova composição,4
382,composição organizacional,4
383,rigoroso,4
384,desligamento optativo,4
385,optativo pdo,4
386,disclosure,4
387,ano anterior,4
388,liderança,4
389,tópicos econômicos,4
390,infraestrutura,4
391,recursos humanos,4
392,exigência,4
393,sgs,4
394,após,4
395,finanças compras,4
396,veículo,4
397,mudanças climáticas,4
398,líderes,4
399,competitividade,4
400,ciclo,4
401,abril,4
402,modo,4
403,previdência complementar,4
404,aprendizagem corporativa,4
405,proteção,4
406,inova br,4
407,base empresa,4
408,eletricidade,4
409,carteira,4
410,metodologia,4
411,lubrax,4
412,janeiro epe,4
413,reutilizada,4
414,social,4
415,passamos,4
416,participante,4
417,nacional ano,4
418,público interno,4
419,alto,4
420,balanço energético,4
421,energético nacional,4
422,território nacional,4
423,gestão integrada,4
424,feito,4
425,greenhouse gas,4
426,oferta,4
427,demanda,4
428,colaboração,4
429,alta,4
430,etapas,4
431,inovação aberta,4
432,econômicos indiretos,4
433,impactos econômicos,4
434,es gás,4
435,tipo,4
436,cultura,4
437,pesquisa energética,4
438,operação,4
439,customer relationship,4
440,ouvidoria br,4
441,produtos químicos,4
442,lista,4
443,aeroportos,4
444,quais,4
445,novo momento,4
446,cidade nova,4
447,trabalhadores,4
448,produtividade,4
449,ampliar,4
450,br aviation,4
451,perspectiva,4
452,tendência,3
453,gestão ambiental,3
454,integri dade,3
455,agência nacional,3
456,marcelo cruz,3
457,distribuído,3
458,cruz lopes,3
459,cumprimento,3
460,reporting initiative,3
461,ampliação,3
462,aproximadamente mil,3
463,mercados especiais,3
464,aprovada,3
465,desempenho operacional,3
466,curso,3
467,conselho comunitário,3
468,global reporting,3
469,quanto,3
470,desenvolver,3
471,adminis tração,3
472,petróleo gás,3
473,sindicato nacional,3
474,novas tecnologias,3
475,tempo perdido,3
476,fase,3
477,próximos anos,3
478,estrutura organizacional,3
479,incentivar,3
480,momento exige,3
481,empresa privada,3
482,estufa escopo,3
483,novas formas,3
484,novos negócios,3
485,novo conselho,3
486,existente,3
487,menores,3
488,representam,3
489,suplemento setorial,3
490,impactos ambientais,3
491,fez parte,3
492,novembro,3
493,matriz energética,3
494,grisolia ceo,3
495,contratação,3
496,produtos comercializados,3
497,valor econômico,3
498,busca,3
499,deste relatório,3
500,portfólio,3
501,reduzir,3
502,transporte rodoviário,3
503,dívida,3
504,espaço,3
505,relationship management,3
506,controle operacional,3
507,deslocamento,3
508,gases co,3
509,apresentada,3
510,comitê executivo,3
511,ideia,3
512,internet,3
513,estímulo,3
514,ferramenta,3
515,áreas internas,3
516,ambiente corporativo,3
517,consolidação,3
518,áreas protegidas,3
519,próprios terceirizados,3
520,homens mulheres,3
521,emissões diretas,3
522,tecnologia,3
523,materiais,3
524,ri br,3
525,https ri,3
526,veículos automotores,3
527,categoria funcional,3
528,big data,3
529,outras emissões,3
530,prevenir,3
531,programa transporte,3
532,hacking rio,3
533,preven ção,3
534,controles internos,3
535,município,3
536,mobilidade sustentável,3
537,empresas listadas,3
538,contempla,3
539,princípio,3
540,destinado,3
541,emissões biogênicas,3
542,empoderamento,3
543,erradicação,3
544,feita,3
545,viver,3
546,procedimentos anticorrupção,3
547,impacto positivo,3
548,aplicável,3
549,meta,3
550,inovadora,3
551,gj,3
552,bilhões,3
553,loja,3
554,co,3
555,compra,3
556,atividade econômica,3
557,duque,3
558,requirements,3
559,localização,3
560,premmia,3
561,deve,3
562,considerado,3
563,água retirada,3
564,etanol hidratado,3
565,jurídico auditoria,3
566,óleo combustível,3
567,sistema informatizado,3
568,prevê,3
569,agosto,3
570,utilização,3
571,diretor jurídico,3
572,monitoramos,3
573,segmentos operacionais,3
574,totalidade,3
575,indústria,3
576,plano petros,3
577,m³ água,3
578,remuneração paga,3
579,motores,3
580,pacto nacional,3
581,novo modelo,3
582,coberto,3
583,absenteísmo,3
584,segurança ocupacional,3
585,inicia tiva,3
586,orientada,3
587,maior remuneração,3
588,outubro,3
589,reduções provenientes,3
590,combustíveis fósseis,3
591,ênfase,3
592,contratada,3
593,membro posição,3
594,motorista deztaque,3
595,reporte,3
596,auditoria estatutário,3
597,remuneração aumento,3
598,concessionária,3
599,cuidado,3
600,representantes,3
601,texto,3
602,regulamento,3
603,construção,3
604,relevância,3
605,ar condicionado,3
606,ação,3
607,óleo,3
608,contamos,3
609,trânsito,3
610,br sac,3
611,sac br,3
612,papel,3
613,conselheiros,3
614,energética,3
615,geração distribuída,3
616,diversos,3
617,preparação,3
618,reporting standards,3
619,top,3
620,reestruturação,3
621,leia,3
622,longo,3
623,pagamento,3
624,situação,3
625,participamos,3
626,afetada,3
627,incluiu,3
628,implantação,3
629,disponível,3
630,recomendações,3
631,orientação,3
632,matriz,3
633,lançamento,3
634,assessoramento,3
635,setembro,3
636,razão,3
637,comercialização,3
638,retorno,3
639,normativo,3
640,reputação,3
641,tempo real,3
642,presidente,3
643,águas pluviais,3
644,sindicato,3
645,líder,3
646,estufa gee,3
647,investidores,3
648,apoio,3
649,programa renovabio,3
650,padrões,3
651,essencial core,3
652,importante,3
653,realidade,3
654,treinados,3
655,covid,3
656,comunicados,3
657,decisões,3
658,gas sector,3
659,distância,3
660,comercial,3
661,implementada,3
662,inteligência,3
663,contribuiu,3
664,momento,3
665,formação,3
666,prol,3
667,andré corrêa,2
668,negóciosﬂ,2
669,recursos hídricos,2
670,corrêa natal,2
671,dados disponíveis,2
672,otimização,2
673,algoritmos,2
674,água cinza,2
675,alinhá la,2
676,balanço hídrico,2
677,elaboração,2
678,nova estrutura,2
679,transformação cultural,2
680,dados respeitam,2
681,soluções inovadoras,2
682,subterrâneas águas,2
683,segu rança,2
684,pluviais diretamente,2
685,diretamente coletadas,2
686,analisados,2
687,organização abastecimento,2
688,fóruns,2
689,primeiro posto,2
690,ceo rafael,2
691,crédito,2
692,abastecimento municipal,2
693,conceito,2
694,rafael grisolia,2
695,composição atual,2
696,outras áreas,2
697,riscos empresariais,2
698,protocolos,2
699,entrada,2
700,mesas,2
701,retirada mil,2
702,estatuto social,2
703,apresentar,2
704,rede duque,2
705,técnica supervisão,2
706,ener gia,2
707,prestados,2
708,usuário,2
709,alinhado,2
710,consumo médio,2
711,prontidão,2
712,análise,2
713,realizar,2
714,estoques,2
715,res ponsabilidade,2
716,abrangem,2
717,ﬂ,2
718,energia vendida,2
719,dis tribuidora,2
720,ponsabilidade social,2
721,novo,2
722,organização mil,2
723,incluído,2
724,contratados,2
725,reutilizada água,2
726,opinião,2
727,suporte,2
728,resumidos,2
729,riscos relacionados,2
730,energia solar,2
731,atuar,2
732,águas subterrâneas,2
733,gee auditor,2
734,debatidos,2
735,duas rodas,2
736,commerce,2
737,orienta,2
738,várias,2
739,reforçamos,2
740,diversidade engajamento,2
741,jornada,2
742,produtos perigosos,2
743,stratura asfaltos,2
744,instituto,2
745,melhor,2
746,distinto,2
747,iniciativas externas,2
748,desta forma,2
749,comunidades vizinhas,2
750,satisfação,2
751,aspectos,2
752,percepção,2
753,setorial oil,2
754,glossário apresentação,2
755,próximo relatório,2
756,faixa etária,2
757,mil revendedores,2
758,instalação,2
759,ambiental recursos,2
760,retirada,2
761,segmento brasileiro,2
762,tempo,2
763,lesões taxa,2
764,empresas contratadas,2
765,evento contou,2
766,initiative gri,2
767,negócios digitais,2
768,montadora,2
769,américa,2
770,data,2
771,desenvolvi mento,2
772,aspen andersen,2
773,negó cios,2
774,crm customer,2
775,empresarial ise,2
776,flavio coelho,2
777,market,2
778,relevantes,2
779,ocasião,2
780,nacional,2
781,áreas sensíveis,2
782,petróleo,2
783,integração,2
784,interação,2
785,coelho dantas,2
786,contribuam,2
787,imagens,2
788,plataformas mobile,2
789,resolvidas,2
790,antes,2
791,abertura,2
792,indiretamente,2
793,testes,2
794,exposição,2
795,progressos,2
796,consultadas,2
797,mil,2
798,comercial varejo,2
799,questões,2
800,roda,2
801,whow,2
802,mercado marcelo,2
803,crianças,2
804,constante,2
805,proteger,2
806,pró equidade,2
807,equivalente emissões,2
808,franquias,2
809,sustainability reporting,2
810,gas inventories,2
811,national greenhouse,2
812,ipcc guidelines,2
813,salesforce tour,2
814,engenharia,2
815,vivem,2
816,segundo,2
817,mind,2
818,condução,2
819,registro público,2
820,incluída,2
821,deixou,2
822,ressuprimento automático,2
823,rodoviários ano,2
824,emitido,2
825,diversos setores,2
826,extraído,2
827,recebida,2
828,formais,2
829,próximo,2
830,óbito,2
831,biodiversidade,2
832,prioridade,2
833,pacto global,2
834,acidentado,2
835,levantamento,2
836,ocorrência,2
837,poluentes,2
838,mania digital,2
839,distribui dora,2
840,loja piloto,2
841,efetivo suplente,2
842,core option,2
843,brasileiro,2
844,armazenadas,2
845,automotores rodoviários,2
846,ensino,2
847,atingimos,2
848,compensação,2
849,doamos,2
850,governanca corporativa,2
851,br governanca,2
852,supply chain,2
853,gel,2
854,óxido nitroso,2
855,ponta grossa,2
856,principais impactos,2
857,consumida,2
858,inventário nacional,2
859,onde atuamos,2
860,consciência,2
861,modernização,2
862,tica,2
863,br pc,2
864,diminuição,2
865,sustentabilidade desenvolvida,2
866,nações unidas,2
867,instituições,2
868,oil,2
869,universal standards,2
870,conversão,2
871,litros,2
872,frequência,2
873,emissões ferramentas,2
874,despesas,2
875,incerteza,2
876,enviado,2
877,registro,2
878,co ch,2
879,acima consideram,2
880,cálculos acima,2
881,fornecer,2
882,consideram,2
883,executivo comercial,2
884,corporativa administracao,2
885,escolhida,2
886,pandemia,2
887,standards universal,2
888,queda,2
889,alerta,2
890,reutilizada apresentação,2
891,mulher,2
892,garantia,2
893,valorização,2
894,forma ambientalmente,2
895,ambientalmente correta,2
896,instituto jogue,2
897,capital aberto,2
898,sete dias,2
899,dia sete,2
900,vista,2
901,aplicado,2
902,inovação tecnológica,2
903,painéis solares,2
904,rio iii,2
905,processamento,2
906,fim,2
907,painéis fotovoltaicos,2
908,autonomia,2
909,debater,2
910,energia dentro,2
911,contidos,2
912,glp gnv,2
913,combustível gasolina,2
914,comunicação interna,2
915,cam panhas,2
916,resíduos gerados,2
917,chamado,2
918,desliga mento,2
919,pacto,2
920,renováveis,2
921,história,2
922,método,2
923,machine learning,2
924,composta,2
925,assembleia geral,2
926,acionistas além,2
927,estimular,2
928,arena antp,2
929,natureza,2
930,contemplada,2
931,signatários,2
932,jovem,2
933,paz,2
934,inovação declaração,2
935,infor mações,2
936,universidade federal,2
937,melhoria contínua,2
938,avaliada,2
939,residências,2
940,riscos corporativos,2
941,disponíveis,2
942,comércio,2
943,minimizar,2
944,substitutos,2
945,onu mulheres,2
946,coque,2
947,maior hackathon,2
948,prevenção detecção,2
949,progra ma,2
950,integridade empresarial,2
951,responder,2
952,assegura ção,2
953,nome,2
954,vendidos,2
955,plano estratégico,2
956,precaução,2
957,caxias rj,2
958,energia fotovoltaica,2
959,sus tentabilidade,2
960,tópico,2
961,externa,2
962,direção,2
963,interno,2
964,anp,2
965,marketing apresentação,2
966,gerou,2
967,permanecemos,2
968,delegação,2
969,auditores internos,2
970,menor consumo,2
971,transparente,2
972,cola boradores,2
973,background check,2
974,ampro globes,2
975,estufa redução,2
976,busca estimular,2
977,mind folha,2
978,acumulado,2
979,conscientização,2
980,baixo carbono,2
981,mesma,2
982,anunciamos,2
983,armazenagens conjuntas,2
984,gestores,2
985,stratura,2
986,respectivos,2
987,nível essencial,2
988,organograma,2
989,ampla,2
990,ocorreu,2
991,eliminação,2
992,últimos anos,2
993,reduzido,2
994,negócios fortalecendo,2
995,conteúdo apresentado,2
996,biocombustíveis,2
997,devemos considerar,2
998,investimentos realizados,2
999,cultura interna,2
1000,atende,2
1001,evento equidade,2
1002,assinamos,2
1003,importância,2
1004,premmia qualidade,2
1005,ciclo otto,2
1006,fontes renováveis,2
1007,paraíba,2
1008,dia mundial,2
1009,outorga,2
1010,direto gerado,2
1011,saúde ocupacional,2
1012,maiores,2
1013,econômico direto,2
1014,comercializado,2
1015,tópicos relativos,2
1016,discus sões,2
1017,óleo diesel,2
1018,participações,2
1019,obrigatório,2
1020,ano consecutivo,2
1021,indivíduo,2
1022,violência contra,2
1023,acompanhamento,2
1024,esporte motor,2
1025,pro duto,2
1026,cargos,2
1027,queixas recebidas,2
1028,aviação executiva,2
1029,introdução,2
1030,interações,2
1031,investigação,2
1032,bases operadas,2
1033,disciplina,2
1034,sul,2
1035,permite,2
1036,trans porte,2
1037,pouco,2
1038,elaborado,2
1039,dinheiro,2
1040,transpor tadoras,2
1041,oportunidade adicional,2
1042,jurídica,2
1043,ambiente externo,2
1044,coleta,2
1045,especial,2
1046,diversas ações,2
1047,aproveitamento,2
1048,longo prazo,2
1049,estraté gico,2
1050,fortalece,2
1051,relações,2
1052,resposta rápida,2
1053,gás continuaremos,2
1054,campo,2
1055,sustentabili dade,2
1056,tema material,2
1057,continuaremos atuando,2
1058,consequências,2
1059,programa compromisso,2
1060,tornou,2
1061,empresarial,2
1062,ise,2
1063,diversas iniciativas,2
1064,veículos comerciais,2
1065,autoridade sobre,2
1066,progra,2
1067,nova rio,2
1068,cada tema,2
1069,vasques cidade,2
1070,perdido ptp,2
1071,intenção,2
1072,estratégica,2
1073,concessionária estadual,2
1074,modal rodoviário,2
1075,lavagem,2
1076,variação,2
1077,estratégico,2
1078,missão,2
1079,seguro,2
1080,maior rede,2
1081,caixa,2
1082,algumas bases,2
1083,margem,2
1084,mobilidade corporativa,2
1085,protagonismo,2
1086,registráveis tar,2
1087,frota terceirizada,2
1088,acidentados registráveis,2
1089,ambiente vazo,2
1090,benefícios,2
1091,neste novo,2
1092,empregado,2
1093,permitindo,2
1094,perspectivas positivas,2
1095,rua correia,2
1096,correia vasques,2
1097,etanol anidro,2
1098,atrair,2
1099,aprimoramento,2
1100,principais tópicos,2
1101,caracte rística,2
1102,voltado,2
1103,relatório descreve,2
1104,colabora dores,2
1105,junto,2
1106,funcionamento,2
1107,adequação,2
1108,dores próprios,2
1109,ativos,2
1110,tempo integral,2
1111,preocupações levantadas,2
1112,aumento percentual,2
1113,amazonas energia,2
1114,aumento remuneração,2
1115,campanha equidade,2
1116,modernizar,2
1117,substituição,2
1118,constituição,2
1119,mudanças internas,2
1120,sociedade brasileira,2
1121,parcela única,2
1122,queima,2
1123,medida,2
1124,remuneração,2
1125,reduzindo,2
1126,porto,2
1127,ganhos expressivos,2
1128,apresentações,2
1129,aplicação,2
1130,monetária garantida,2
1131,mil caminhões,2
1132,afastamento homens,2
1133,mensagem,2
1134,privada,2
1135,varejo,2
1136,sourcing,2
1137,cam pos,2
1138,pos elíseos,2
1139,diferença,2
1140,gerência,2
1141,terminais portuários,2
1142,cálculo considera,2
1143,convenção,2
1144,considera somente,2
1145,direção defensiva,2
1146,somente salário,2
1147,salário base,2
1148,diretora,2
1149,base conforme,2
1150,aspectos sociais,2
1151,administrativo,2
1152,onde,2
1153,conforme histórico,2
1154,orientar,2
1155,ouvidoria geral,2
1156,histórico informado,2
1157,remuneração monetária,2
1158,ppsp nr,2
1159,quitação antecipada,2
1160,mundo,2
1161,cada hora,2
1162,bandeira,2
1163,cestas básicas,2
1164,voluntariado corporativo,2
1165,incorporação,2
1166,instituto brasileiro,2
1167,decisão,2
1168,grandes empresas,2
1169,recursos naturais,2
1170,monitorar,2
1171,menor impacto,2
1172,últimos três,2
1173,necessidade,2
1174,dez,2
1175,mil quilômetros,2
1176,associação,2
1177,combustíveis comercializado,2
1178,seguir,2
1179,recorde histórico,2
1180,ligeiro aumento,2
1181,três anos,2
1182,sustentabilidade empre,2
1183,elaborar,2
1184,aprimorar,2
1185,previstos,2
1186,acelerar,2
1187,maio,2
1188,iso,2
1189,março,2
1190,categoria governança,2
1191,prêmio empresas,2
1192,prêmio weps,2
1193,busca disseminar,2
1194,composição acionária,2
1195,quadro,2
1196,preços garantir,2
1197,pro cessos,2
1198,cultura ambiental,2
1199,bem,2
1200,operacionais,2
1201,retomada,2
1202,vitória,2
1203,fundação santa,2
1204,diversas mudanças,2
1205,santa cabrini,2
1206,transporte ecoe,2
1207,caminhões tanque,2
1208,ini ciativa,2
1209,construído,2
1210,cartão,2
1211,clique retire,2
1212,concordar eletronicamente,1
1213,con trolada,1
1214,inde pendente,1
1215,mundial criado,1
1216,rodovias brasileiras,1
1217,show realizado,1
1218,mão certa,1
1219,empresas fornecedoras,1
1220,forçado análogo,1
1221,âmbito mundial,1
1222,trabalho forçado,1
1223,fundação childhood,1
1224,susten tabilidade,1
1225,humanos tais,1
1226,precisam concordar,1
1227,práticas trabalhistas,1
1228,mista con,1
1229,certa criado,1
1230,fornecedoras precisam,1
1231,tiva global,1
1232,atuação socialmente,1
1233,escravi dão,1
1234,damente valorizam,1
1235,diálogo transparente,1
1236,comunidades próximas,1
1237,escolas associações,1
1238,estado abrangendo,1
1239,associações comunitárias,1
1240,tro mundial,1
1241,disso prosseguiram,1
1242,organi zações,1
1243,brumadinho apresentação,1
1244,zações locais,1
1245,forças policiais,1
1246,norte sul,1
1247,viver doação,1
1248,ambientais patrocínio,1
1249,disso mantemos,1
1250,diálogo aberto,1
1251,mapeado iniciativas,1
1252,recebem manifestações,1
1253,manifestações desses,1
1254,impacto mapeado,1
1255,quadro abaixo,1
1256,envolvidas direta,1
1257,rele vantes,1
1258,levantadas nesse,1
1259,indiretos mapeamos,1
1260,nesse en,1
1261,marke ting,1
1262,abrangendo municípios,1
1263,economia mista,1
1264,atlanta eua,1
1265,cadastro bem,1
1266,forma inde,1
1267,unidas participamos,1
1268,condições degradantes,1
1269,degradantes liberdade,1
1270,raça pacto,1
1271,selo pró,1
1272,maior encon,1
1273,gênero raça,1
1274,encon tro,1
1275,raça religião,1
1276,orientação sexual,1
1277,três vezes,1
1278,terceira edição,1
1279,governo federal,1
1280,precisam seguir,1
1281,mantido trabalhadores,1
1282,condições análogas,1
1283,parti cipamos,1
1284,equidade parti,1
1285,análogas comercial,1
1286,deste cadastro,1
1287,condições dignas,1
1288,preceitos contratuais,1
1289,promover condições,1
1290,disso exigimos,1
1291,relacionem comercialmente,1
1292,referido cadastro,1
1293,nacs show,1
1294,distribuição válido,1
1295,brasileiras coalizão,1
1296,vista quebrando,1
1297,citada vista,1
1298,sendo citada,1
1299,mídia sendo,1
1300,dubbing plvb,1
1301,plvb asaprev,1
1302,causou impacto,1
1303,iniciativa causou,1
1304,asaprev ecolo,1
1305,mar ço,1
1306,visitas regulares,1
1307,ecolo rir,1
1308,primeiro trimestre,1
1309,incluem visitas,1
1310,frentistas incluem,1
1311,líquido gnl,1
1312,rio converger,1
1313,apae rio,1
1314,semanas durante,1
1315,troca apae,1
1316,chil dhood,1
1317,janeiro firjan,1
1318,firjan sodexo,1
1319,sodexo universidade,1
1320,janeiro conectora,1
1321,oportunidades karibu,1
1322,consciência negra,1
1323,energia investindo,1
1324,sociais mensagens,1
1325,karibu troca,1
1326,reuniões encontro,1
1327,natural líquido,1
1328,mulheres postando,1
1329,ativismo participamos,1
1330,globes awards,1
1331,rir amoreira,1
1332,apresentações destacaram,1
1333,coalizão empresarial,1
1334,lubrax distribuidores,1
1335,gás canalizado,1
1336,valoriza ção,1
1337,criatividade melhoria,1
1338,maior criatividade,1
1339,tribuidora visa,1
1340,interesse tendo,1
1341,livre presença,1
1342,lucratividade maior,1
1343,mercado livre,1
1344,condições justas,1
1345,diversidade inclusiva,1
1346,diversos benefícios,1
1347,possam realizar,1
1348,proporciona diversos,1
1349,diversidade proporciona,1
1350,canalizado apresentação,1
1351,setores bastante,1
1352,edição contou,1
1353,bastante diversos,1
1354,realizado anualmente,1
1355,gnl geração,1
1356,positiva junto,1
1357,seis semanas,1
1358,sede veiculada,1
1359,imagem positiva,1
1360,solar meninos,1
1361,cartazes murais,1
1362,culturalmente arraigados,1
1363,bom funcionamento,1
1364,segmentada rede,1
1365,forma segmentada,1
1366,força sexistas,1
1367,ampla pesquisa,1
1368,buscamos entender,1
1369,margens comerciais,1
1370,mobilidade sororidade,1
1371,decarona evento,1
1372,barker ceo,1
1373,ce boas,1
1374,mails marketing,1
1375,sustentabi lidade,1
1376,governamental promundo,1
1377,lidade empresarial,1
1378,reúne companhias,1
1379,companhias bra,1
1380,elabo rado,1
1381,agir elabo,1
1382,bra sileiras,1
1383,compõem tal,1
1384,agosto sediamos,1
1385,portal dedicado,1
1386,tal natureza,1
1387,distri buição,1
1388,gary barker,1
1389,marcamos presença,1
1390,inpacto chil,1
1391,reconhe ce,1
1392,instituto ethos,1
1393,desigualdades ceert,1
1394,inclusivo programa,1
1395,reconheci damente,1
1396,programa laço,1
1397,janeiro juntamente,1
1398,fórum weps,1
1399,laço amarelo,1
1400,iii fórum,1
1401,ob servatório,1
1402,servatório nacional,1
1403,dezembro organizamos,1
1404,viária reconhe,1
1405,paternidade negra,1
1406,xões sobre,1
1407,dupla jornada,1
1408,ise submetendo,1
1409,incluiu avaliações,1
1410,workshops questionários,1
1411,feira sustentável,1
1412,artesanato vestuário,1
1413,sobre masculinidade,1
1414,volumes entregues,1
1415,great place,1
1416,vestuário alimentação,1
1417,consultoria great,1
1418,agência usina,1
1419,gê nero,1
1420,negócios portal,1
1421,entregues acima,1
1422,boas margens,1
1423,doação complementou,1
1424,fórum destacaram,1
1425,atados inpacto,1
1426,temas abordados,1
1427,corporati va,1
1428,mobilidade corporati,1
1429,buscamos sensibilizar,1
1430,pacote comemorativo,1
1431,léxico ise,1
1432,solução digital,1
1433,socialmente responsável,1
1434,divisão sexual,1
1435,avalia ção,1
1436,sensibilizar parceiros,1
1437,humanos relacionamen,1
1438,orientados pe,1
1439,pe los,1
1440,los compromissos,1
1441,tóxica divisão,1
1442,sustentáveis direitos,1
1443,masculinidade tóxica,1
1444,ﬁreclamaçõesﬂ ﬁdenúncias,1
1445,biocombustíveis anp,1
1446,emis sões,1
1447,autódromo velopark,1
1448,produtos direcionados,1
1449,brasileiro brax,1
1450,simbologia extra,1
1451,prosseguiu estudos,1
1452,extra pois,1
1453,ano marcou,1
1454,fatos relevantes,1
1455,comuni cações,1
1456,con ferências,1
1457,reuniões periódicas,1
1458,categoria realizou,1
1459,velopark rs,1
1460,transpa rência,1
1461,motor organizados,1
1462,mitsubishi motors,1
1463,responsabi lidades,1
1464,mitsubishi cup,1
1465,cup rali,1
1466,velocidade mistubishi,1
1467,mistubishi motorsports,1
1468,motorsports rali,1
1469,mitsubishi outdoor,1
1470,outdoor rali,1
1471,executi va,1
1472,automobilismo brasileiro,1
1473,ges tão,1
1474,termos sido,1
1475,melhor aproveitamento,1
1476,comissões permanentes,1
1477,lubrax lançou,1
1478,lançou seis,1
1479,etanol gridem,1
1480,gridem agosto,1
1481,tópicos levantados,1
1482,etanol grid,1
1483,grid biocombustível,1
1484,biocombustível adi,1
1485,adi tivado,1
1486,menor desgaste,1
1487,energia mecânica,1
1488,stock car,1
1489,marcha detergentes,1
1490,detergentes dis,1
1491,dis persantes,1
1492,vida útil,1
1493,partes metálicas,1
1494,metálicas esporte,1
1495,encontros setoriais,1
1496,quarto ano,1
1497,empresas sindicom,1
1498,consecutivo patrocinamos,1
1499,ipo oferta,1
1500,pós venda,1
1501,sido apontados,1
1502,unidas onu,1
1503,paulo voltado,1
1504,coope ração,1
1505,ração técnica,1
1506,combus presença,1
1507,embalagens insumos,1
1508,eventos ligados,1
1509,básicos embalagens,1
1510,ligados direta,1
1511,óleos básicos,1
1512,associados usarem,1
1513,salão duas,1
1514,aditivos óleos,1
1515,moto cicletas,1
1516,colaboração possibilitou,1
1517,cicletas montamos,1
1518,estande dream,1
1519,biocombustíveis aditivos,1
1520,dream lounge,1
1521,lounge podium,1
1522,alta octanagem,1
1523,octanagem podium,1
1524,passageiros realizado,1
1525,rafa grisolia,1
1526,parte fundamental,1
1527,consolidando neste,1
1528,possibilitou coope,1
1529,mclaren além,1
1530,seguintes reconhecimentos,1
1531,tiga diretoria,1
1532,categoria bronze,1
1533,bronze grandes,1
1534,diretoria executi,1
1535,estadão categoria,1
1536,prêmio estradão,1
1537,chamar diretoria,1
1538,salão internacional,1
1539,cargas fenatran,1
1540,investidores ri,1
1541,gajamento referem,1
1542,executiva financeira,1
1543,investidores sob,1
1544,cor relatos,1
1545,eleitos revista,1
1546,revista quatro,1
1547,quatro rodas,1
1548,fornecedores revisamos,1
1549,gênero ampro,1
1550,princípios éticos,1
1551,gem utilizados,1
1552,social educacional,1
1553,educacional leia,1
1554,diversidade fórmula,1
1555,equipe mclaren,1
1556,commerce trouxe,1
1557,gestores relacionados,1
1558,lojalubrax lançada,1
1559,estratégia corpo,1
1560,amplo plano,1
1561,tema emergente,1
1562,sempre fez,1
1563,registradas antes,1
1564,queixas registradas,1
1565,queixas resolvidas,1
1566,negócio ajudando,1
1567,destinos entendendo,1
1568,endereçadas número,1
1569,nesse assunto,1
1570,assunto passamos,1
1571,corpo rativa,1
1572,ocupam posições,1
1573,queixas endereçadas,1
1574,ver diagnóstico,1
1575,negócios focando,1
1576,conveniência completou,1
1577,completou anos,1
1578,procedência apresentação,1
1579,analisadas quanto,1
1580,outubro desse,1
1581,promoção ﬁ,1
1582,maniaﬂ distribuiu,1
1583,bicicletas patinetes,1
1584,período coberto,1
1585,datafolha top,1
1586,encontro internacio,1
1587,trata mento,1
1588,encaminhamento distinto,1
1589,rística inadequada,1
1590,reclama ções,1
1591,denún cias,1
1592,analisadas primeiramente,1
1593,atribuído enviava,1
1594,conformi dade,1
1595,dinâmica mudou,1
1596,tratar todas,1
1597,naturezas após,1
1598,preço praticado,1
1599,seguir percebemos,1
1600,decorrer deste,1
1601,complexidade sobre,1
1602,baixa complexidade,1
1603,reclamações rotineiras,1
1604,reclamações totais,1
1605,totais duzidas,1
1606,demandas referentes,1
1607,inovaçã apresentação,1
1608,registra reclamações,1
1609,sac registra,1
1610,forte presença,1
1611,país licenciada,1
1612,ouvidoria scdo,1
1613,patinetes hoverboards,1
1614,patins além,1
1615,transmissões automáticas,1
1616,comuns recebidos,1
1617,lubrax trm,1
1618,trm desenvolvido,1
1619,laboral mecanismos,1
1620,transmissões manuais,1
1621,categoria laboral,1
1622,lubrax hydra,1
1623,hydra nz,1
1624,sistemas hidráulicos,1
1625,condições severas,1
1626,severas sintético,1
1627,automáticas transmissões,1
1628,prêmios mensais,1
1629,entidades sindicais,1
1630,salários benefícios,1
1631,convenção coletiva,1
1632,representação sindical,1
1633,discutidos envolveram,1
1634,top turbo,1
1635,temas discutidos,1
1636,turbo pro,1
1637,internacio nal,1
1638,pro multiviscoso,1
1639,diesel saram,1
1640,setembro linha,1
1641,ban deira,1
1642,destino turístico,1
1643,famoso destino,1
1644,asso ciados,1
1645,violência psicológica,1
1646,ams denúncias,1
1647,supletiva ams,1
1648,médica supletiva,1
1649,compra vam,1
1650,assistência médica,1
1651,promoção ganhavam,1
1652,ganhavam pontos,1
1653,pontos extras,1
1654,revendedores assistência,1
1655,retire especializada,1
1656,terminais clique,1
1657,mania ampliando,1
1658,cola iniciamos,1
1659,iniciamos estudos,1
1660,soluções conjun,1
1661,cionamento comercial,1
1662,conjun tas,1
1663,conveniência arquipélago,1
1664,rela cionamento,1
1665,noronha pe,1
1666,único posto,1
1667,iniciativas buscam,1
1668,buscam disseminar,1
1669,pensamento voltado,1
1670,corporate mobility,1
1671,dustrial buscamos,1
1672,mobilidade corpora,1
1673,corpora tiva,1
1674,tiva construído,1
1675,janeiro ufrj,1
1676,ufrj obtivemos,1
1677,recuperação lenta,1
1678,fábri ca,1
1679,conscien tização,1
1680,estudo corporate,1
1681,esperado devido,1
1682,mobility transport,1
1683,deslocamento casa,1
1684,transport challenge,1
1685,challenge corporativaﬂ,1
1686,corporativaﬂ publicado,1
1687,algo esperado,1
1688,sustenta bilidade,1
1689,encontros hacking,1
1690,américa lati,1
1691,traba lho,1
1692,evento ﬁdistribuição,1
1693,par ticipamos,1
1694,relevantes algo,1
1695,buscamos pensar,1
1696,coletados sobre,1
1697,es pecialmente,1
1698,desenvolvimento leopoldo,1
1699,recém produzidos,1
1700,produzidos customizado,1
1701,neces sidade,1
1702,ganhado res,1
1703,tecnológica concedido,1
1704,gás natu,1
1705,natu ral,1
1706,ﬁoutras denúnciasﬂ,1
1707,man latin,1
1708,partici pando,1
1709,latin america,1
1710,leopoldo américo,1
1711,dados coletados,1
1712,américo miguez,1
1713,mello cenpes,1
1714,primeiro enchimento,1
1715,clientes partici,1
1716,tecnológica diagnóstico,1
1717,mobilidade sustentá,1
1718,sustentá vel,1
1719,corporativa cujo,1
1720,cujo levantamento,1
1721,edifício sede,1
1722,automático estreitamos,1
1723,represen tados,1
1724,cluster ﬁeducaçãoﬂ,1
1725,painel ﬁinovação,1
1726,passando presença,1
1727,der mundial,1
1728,palestras treinamentos,1
1729,inclui palestras,1
1730,apresentados métodos,1
1731,programação inclui,1
1732,métodos ágeis,1
1733,paulo programação,1
1734,reunimos presencialmente,1
1735,anualmente reunimos,1
1736,ferramentas digitais,1
1737,realizada anualmente,1
1738,américa latina,1
1739,alguns consumidores,1
1740,distribuidores lubrax,1
1741,apresentou novidades,1
1742,locais onde,1
1743,impacto socioambiental,1
1744,questões socioambientais,1
1745,cunho social,1
1746,potenciais situações,1
1747,crises junto,1
1748,atuamos pautados,1
1749,sustentável ods,1
1750,orga nização,1
1751,lí der,1
1752,empresa lí,1
1753,treinamentos alinhamen,1
1754,alinhamen tos,1
1755,ﬁinovação aberta,1
1756,andersen apresentou,1
1757,las variações,1
1758,pe las,1
1759,cooperação tecnológica,1
1760,amazon cisco,1
1761,microsoft especialmente,1
1762,feira expopostos,1
1763,expopostos conveniência,1
1764,agosto montamos,1
1765,conveniência espécie,1
1766,piloto dá,1
1767,dá ênfase,1
1768,consumidor inovações,1
1769,vez pe,1
1770,tos comerciais,1
1771,aplicativo premmia,1
1772,tablets disponíveis,1
1773,loja puderam,1
1774,ofere cem,1
1775,cem pontos,1
1776,laptops salesforce,1
1777,tour recebemos,1
1778,diesel recém,1
1779,comum es,1
1780,transformações propiciadas,1
1781,sempre buscando,1
1782,app premmia,1
1783,relationship managment,1
1784,redu zir,1
1785,ressupri mento,1
1786,restrições impostas,1
1787,modelo revisado,1
1788,comunicação uni,1
1789,trabalho remoto,1
1790,digital possibilitou,1
1791,possibilitou ainda,1
1792,decisões baseada,1
1793,rança cibernética,1
1794,operadoras contratadas,1
1795,reputa ção,1
1796,estratégicas imediatas,1
1797,ridades estratégicas,1
1798,prio ridades,1
1799,segundo ciclo,1
1800,oito projetos,1
1801,projetos incubados,1
1802,ideias apresentadas,1
1803,prêmio whow,1
1804,seleção contratação,1
1805,nacionais voltados,1
1806,refor ço,1
1807,colabo ração,1
1808,enchi mento,1
1809,cenários organizacionais,1
1810,mantemos contratos,1
1811,tecno logia,1
1812,aquisições mantemos,1
1813,logia digital,1
1814,órgão encarregado,1
1815,encarregado analisando,1
1816,propondo projetos,1
1817,digital intraempreendedorismo,1
1818,ideias inovadoras,1
1819,digital construímos,1
1820,subsidiar através,1
1821,arquite tura,1
1822,uso intensivo,1
1823,tura tecnológica,1
1824,modelo ope,1
1825,ope racional,1
1826,suprimentos monitorando,1
1827,con templa,1
1828,templa projetos,1
1829,projetos iniciados,1
1830,logística gerencia,1
1831,habilitação tecnológica,1
1832,destreza digital,1
1833,melhor time,1
1834,intraempre endedorismo,1
1835,emprega formas,1
1836,mentorias metodologia,1
1837,congresso internacional,1
1838,provocassem impacto,1
1839,feira latino,1
1840,ﬁsustentabilidadeﬂ procuraram,1
1841,outras mitigassem,1
1842,dez startups,1
1843,abrafati feira,1
1844,institutos senai,1
1845,selecionadas startups,1
1846,tanto celebramos,1
1847,tintas abrafati,1
1848,premmia dentre,1
1849,ª congresso,1
1850,metodologia ágil,1
1851,confenar ª,1
1852,agenda confenar,1
1853,ª transposul,1
1854,itens disponíveis,1
1855,recomendação então,1
1856,data horário,1
1857,participante lançamento,1
1858,diesel premiado,1
1859,premiado lançamos,1
1860,lançamos comercialmente,1
1861,primeiro enchi,1
1862,temática ﬁmobilidade,1
1863,aumentada big,1
1864,realidade aumentada,1
1865,iot realidade,1
1866,ágil priorização,1
1867,revisão completa,1
1868,equipes envolvidas,1
1869,dedicar parcial,1
1870,ainda promove,1
1871,iniciativas inspiradoras,1
1872,coo empresas,1
1873,startups tups,1
1874,aderj associação,1
1875,seleção pública,1
1876,aprendizagem industrial,1
1877,industrial senai,1
1878,latino americana,1
1879,estágio inicial,1
1880,apresentaram soluções,1
1881,três vertentes,1
1882,vertentes ﬁmobilidade,1
1883,pessoasﬂ ﬁmobilidade,1
1884,startups senvolver,1
1885,senvolver projetos,1
1886,prazo empregando,1
1887,empregando recursos,1
1888,coisas iot,1
1889,en gajamento,1
1890,emissões fugitivas,1
1891,demandas comunitárias,1
1892,duto químico,1
1893,pc seguranca,1
1894,anp acima,1
1895,integrada consideran,1
1896,relaciona mento,1
1897,deste pdf,1
1898,pdf referem,1
1899,aplicá veis,1
1900,veis dados,1
1901,essencial con,1
1902,con siderando,1
1903,limitações relativas,1
1904,disclosures tório,1
1905,apresentado dúvidas,1
1906,dúvidas críticas,1
1907,apresentado podem,1
1908,seguintes canais,1
1909,comunicação telefone,1
1910,telefone capitais,1
1911,regiões formulário,1
1912,formulário eletrônico,1
1913,faleconosco apresentação,1
1914,omissão odsdivulgações,1
1915,odsdivulgações gerais,1
1916,gerais nome,1
1917,rj localização,1
1918,perigosos podem,1
1919,atende horas,1
1920,externamente participação,1
1921,telefone gratuito,1
1922,trans portadoras,1
1923,portadoras adequação,1
1924,requi sitos,1
1925,sitos legais,1
1926,check list,1
1927,list treinamentos,1
1928,monitora mento,1
1929,des locamentos,1
1930,veículos leves,1
1931,leves cerca,1
1932,veículos utilitários,1
1933,utilitários menores,1
1934,acompanha mento,1
1935,mento contribui,1
1936,sms aborda,1
1937,minimi zação,1
1938,disso prevê,1
1939,parcei ros,1
1940,ros respeitem,1
1941,cumprimento dessas,1
1942,produ tos,1
1943,tos passam,1
1944,principalmente monitorada,1
1945,contatos via,1
1946,via sac,1
1947,desenvolvidas externamente,1
1948,omissão odsestratégia,1
1949,transporte abrange,1
1950,perguntas sobre,1
1951,essencial pág,1
1952,pág sumário,1
1953,omissão odstópicos,1
1954,odstópicos materiais,1
1955,climáticas aposentadoria,1
1956,aposentadoria impactos,1
1957,serviços oferecidos,1
1958,omissão odsgri,1
1959,odsgri combate,1
1960,operações submetidas,1
1961,omissão odsemissõesgri,1
1962,odsemissõesgri abordagem,1
1963,colaboradores representados,1
1964,lesões doenças,1
1965,doenças ocupacionais,1
1966,ocupacionais dias,1
1967,perdidos absenteísmo,1
1968,mortes relacionadas,1
1969,alta incidência,1
1970,doenças relacionadas,1
1971,ocupação tópicos,1
1972,omissão odssaúde,1
1973,impactos causados,1
1974,fósseis suplemento,1
1975,fósseis og,1
1976,pág opção,1
1977,materiais reformulações,1
1978,gerais declaração,1
1979,resultados central,1
1980,decisão sênior,1
1981,sênior principais,1
1982,valores princípios,1
1983,princípios padrões,1
1984,comportamento mecanismos,1
1985,sociais consulta,1
1986,governança selecionando,1
1987,propósito valores,1
1988,omissão ods,1
1989,ods conhecimento,1
1990,conhecimento coletivo,1
1991,administracao avaliação,1
1992,governança compete,1
1993,administração avaliar,1
1994,avaliar anualmente,1
1995,coletivo administradores,1
1996,relato comunicando,1
1997,comunicando preocupações,1
1998,preocupações críticas,1
1999,gerais lista,1
2000,coletiva pág,1
2001,pág stakeholder,1
2002,omissão odspráticas,1
2003,gerais consolidadas,1
2004,consolidadas consultar,1
2005,transportadoras ações,1
2006,carro cada,1
2007,biocombustíveis produzidos,1
2008,perigosos promovemos,1
2009,regularmente auditorias,1
2010,rança gerados,1
2011,avaliados estágios,1
2012,conceito fabricação,1
2013,promoção armaze,1
2014,armaze namento,1
2015,manuten ção,1
2016,descarte reutilização,1
2017,reciclagem complementarmente,1
2018,obras seguras,1
2019,seguras procura,1
2020,procura reforçar,1
2021,sms aplicáveis,1
2022,funcionários criado,1
2023,abrangência nacional,1
2024,estabelece regras,1
2025,conduta distintas,1
2026,alimentação saudável,1
2027,saudável combate,1
2028,mental avançamos,1
2029,mo tivos,1
2030,assunto ﬁnúmero,1
2031,lesõesﬂ consideram,1
2032,acidentes ocorridos,1
2033,ratamento médico,1
2034,promovemos regularmente,1
2035,cia fe,1
2036,ﬁdias perdidosﬂconsidera,1
2037,emergên cia,1
2038,serviços ecossistêmicos,1
2039,fun damentais,1
2040,biodiversidade busca,1
2041,busca mi,1
2042,mi nimizar,1
2043,novos empreendimentos,1
2044,empreendimentos quanto,1
2045,disso desenvolvemos,1
2046,desenvolvemos orientações,1
2047,operações rotineiras,1
2048,rotineiras si,1
2049,si nantrópica,1
2050,silvestre apresentação,1
2051,principal ins,1
2052,ins trumento,1
2053,ações estruturantes,1
2054,desem penho,1
2055,tural rede,1
2056,servi ços,1
2057,ços compartilhados,1
2058,compartilhados grandes,1
2059,vizinhas desdobrados,1
2060,execução contendo,1
2061,contendo práticas,1
2062,químicos fispq,1
2063,médico óbitos,1
2064,perdidosﬂconsidera dias,1
2065,sete motoristas,1
2066,tivas voltadas,1
2067,deztaque incentiva,1
2068,incentiva reconhece,1
2069,disseminar regras,1
2070,defensiva cautela,1
2071,estrada procedimentos,1
2072,res peito,1
2073,programa estimulamos,1
2074,ativi dades,1
2075,dades previstas,1
2076,transporte pgr,1
2077,cometer infrações,1
2078,regras quanto,1
2079,quanto menos,1
2080,menos infrações,1
2081,infrações registradas,1
2082,motorista sobe,1
2083,deztaque contribuiu,1
2084,inscritos superou,1
2085,superou mil,1
2086,histórico dez,1
2087,bem ran,1
2088,ran queados,1
2089,prova prática,1
2090,última geração,1
2091,estádio maracanã,1
2092,comportamentos seguros,1
2093,duas inicia,1
2094,dias corridos,1
2095,mantemos duas,1
2096,contagem começa,1
2097,calcula taxa,1
2098,valores absolutos,1
2099,geralmente calculadas,1
2100,calculadas apenas,1
2101,apenas globalmente,1
2102,sendo desdobradas,1
2103,tr abalho,1
2104,envolvendo apenas,1
2105,homens contudo,1
2106,ambientais ppra,1
2107,ocupa cionais,1
2108,doenças ocupa,1
2109,incluindo empregados,1
2110,empregados próprios,1
2111,tercei sob,1
2112,riscos ocupacio,1
2113,ocupacio nais,1
2114,homens semafastamento,1
2115,semafastamento número,1
2116,hora aproximados,1
2117,aproximados mil,1
2118,trânsito calculada,1
2119,quilômetros rodados,1
2120,rodados tfat,1
2121,og volume,1
2122,adquiridos atendendo,1
2123,comunitárias participação,1
2124,congêneres rating,1
2125,bancos seguradoras,1
2126,seguradoras fundos,1
2127,créditos estruturados,1
2128,estruturados stakeholders,1
2129,envolvidas voluntária,1
2130,involuntariamente time,1
2131,anunciá lo,1
2132,asseguração tentabilidade,1
2133,ção baseado,1
2134,sgs incluiu,1
2135,contidos neste,1
2136,exclusiva responsabilidade,1
2137,nenhum material,1
2138,sgs desenvolveu,1
2139,asseguração isae,1
2140,pro tocolos,1
2141,tocolos dão,1
2142,dão diferentes,1
2143,diferentes opções,1
2144,asseguração dependendo,1
2145,organização declarante,1
2146,assegurado utilizando,1
2147,sustai nability,1
2148,nability reporting,1
2149,processo descrito,1
2150,projetos bancos,1
2151,empresas congêneres,1
2152,suplemento seto,1
2153,descreve investimentos,1
2154,local físico,1
2155,virtual onde,1
2156,faz comércio,1
2157,crm plataforma,1
2158,objetivo alavancar,1
2159,ver customer,1
2160,management plataformas,1
2161,endereço eletrônico,1
2162,adap tada,1
2163,qualquer dispositivo,1
2164,dispositivo móvel,1
2165,telefone celular,1
2166,tablet players,1
2167,negócios repetível,1
2168,serem desenvolvidas,1
2169,desenvolvidas supply,1
2170,chain termo,1
2171,diver sos,1
2172,sos caminhos,1
2173,quais passam,1
2174,matéria prima,1
2175,indústria petrolífera,1
2176,petrolífera onshore,1
2177,mar pool,1
2178,comum neste,1
2179,descrito neste,1
2180,seto rial,1
2181,fazer predições,1
2182,ﬂ cobre,1
2183,maneira adequada,1
2184,maior detalhamento,1
2185,detalhamento sobre,1
2186,opção essencial,1
2187,core optio,1
2188,durante pletas,1
2189,maneira parcial,1
2190,parcial desta,1
2191,disclosures reportados,1
2192,reportados neste,1
2193,práticas indicam,1
2194,materiais devem,1
2195,ocor rem,1
2196,ano sugere,1
2197,sgs acredita,1
2198,sgs fabian,1
2199,fabian peres,1
2200,peres gonçalves,1
2201,gonçalves gerente,1
2202,oliveira klein,1
2203,klein auditora,1
2204,auditora líder,1
2205,coordenação coordenação,1
2206,redação rpt,1
2207,diagramação contágio,1
2208,cobre informações,1
2209,recomendações constatações,1
2210,sector supplement,1
2211,sector recomendações,1
2212,ﬂ caracteriza,1
2213,maneira remota,1
2214,gicos envolvidos,1
2215,revisados disclosures,1
2216,ii revisão,1
2217,documentação encaminhada,1
2218,informações inseridas,1
2219,versões deste,1
2220,informações contábeis,1
2221,es tufa,1
2222,auditoria contidas,1
2223,sendo ambas,1
2224,ambas infor,1
2225,mações avaliadas,1
2226,conhecimento experiência,1
2227,socioambientais auditor,1
2228,sustentáveis auditor,1
2229,climáticas auditor,1
2230,renovabio parecer,1
2231,verificação realizada,1
2232,dados apresen,1
2233,apresen tados,1
2234,representação equilibrada,1
2235,organiza ção,1
2236,ção escolheu,1
2237,marketplace local,1
2238,extrair conhecimento,1
2239,adquiridos litros,1
2240,permitir melhores,1
2241,otto ciclo,1
2242,ciclo termodinâmico,1
2243,bustão interna,1
2244,interna popularmente,1
2245,popularmente conhecidos,1
2246,explosão neste,1
2247,faturamento relativos,1
2248,automotores gasolina,1
2249,etanol chatbot,1
2250,conversa humana,1
2251,chat dessa,1
2252,possível automatizar,1
2253,automatizar tarefas,1
2254,tarefas repetitivas,1
2255,dúvidas cloud,1
2256,maneira integrada,1
2257,qualquer lugar,1
2258,sistema designado,1
2259,regulamentações externas,1
2260,outros agentes,1
2261,agentes customer,1
2262,management crm,1
2263,due dilligence,1
2264,dilligence processo,1
2265,presencial apoiado,1
2266,melhores tomadas,1
2267,exigem novas,1
2268,comunicação glossário,1
2269,tradicionais exigem,1
2270,contratados sob,1
2271,sob cláusulas,1
2272,escravo infantil,1
2273,exploração sexual,1
2274,analytics uso,1
2275,raciocínio sistemático,1
2276,áreas terrestres,1
2277,marinhas destinadas,1
2278,diversidade biológica,1
2279,biológica manejadas,1
2280,instrumentos jurídicos,1
2281,sensíveis zonas,1
2282,relevância ecológica,1
2283,apresentam menor,1
2284,menor capacida,1
2285,condições originais,1
2286,fazem negócios,1
2287,fornecedor background,1
2288,check cação,1
2289,alguma entidade,1
2290,entidade podendo,1
2291,jurídica big,1
2292,dados volumosos,1
2293,complexos demais,1
2294,dados tradicionais,1
2295,tecnolo gia,1
2296,fauna sinantrópica,1
2297,podem extrair,1
2298,pressão greenhouse,1
2299,internacional utilizada,1
2300,mente desenvolvida,1
2301,estados unidos,1
2302,world resources,1
2303,resources institute,1
2304,institute wri,1
2305,wri sendo,1
2306,sendo atualmente,1
2307,gee hoverboards,1
2308,hoverboards veículo,1
2309,bateria portátil,1
2310,contém duas,1
2311,ﬁskate elétricoﬂ,1
2312,elétricoﬂ iot,1
2313,iot internet,1
2314,things internet,1
2315,coisas trata,1
2316,objetos conectados,1
2317,trocam informações,1
2318,iot pode,1
2319,cidadãos machine,1
2320,learning lidade,1
2321,serem explicitamente,1
2322,explicitamente programados,1
2323,programados explorando,1
2324,protocol ghg,1
2325,sob pressão,1
2326,forma negativa,1
2327,líquida sob,1
2328,população humana,1
2329,humana represente,1
2330,represente riscos,1
2331,pública feedback,1
2332,feedback realimentar,1
2333,dar resposta,1
2334,determinado pedido,1
2335,alguns contextos,1
2336,palavra feedback,1
2337,feedback caso,1
2338,feedback pode,1
2339,negativo follow,1
2340,aberto resolve,1
2341,resolve emitir,1
2342,serem negociadas,1
2343,baixíssima emissão,1
2344,causa dessas,1
2345,dessas caracte,1
2346,aplicações industriais,1
2347,industriais sensíveis,1
2348,vidros cerâmicas,1
2349,atmosféricas normais,1
2350,forma gasosa,1
2351,gasosa porém,1
2352,forma líquida,1
2353,prevenção mitigação,1
2354,constantes interações,1
2355,ope rações,1
2356,legislação pertinente,1
2357,mos diversas,1
2358,melhorias estruturais,1
2359,reduzir perdas,1
2360,melho toda,1
2361,dados quantitativos,1
2362,obrigações legais,1
2363,rios lagos,1
2364,oceanos águas,1
2365,buscado dados,1
2366,disponíveis referentes,1
2367,possível traçar,1
2368,traçar comparativo,1
2369,série histórica,1
2370,dados considerarem,1
2371,considerarem parâmetros,1
2372,parâmetros diferentes,1
2373,unidade fnoas,1
2374,conta mensal,1
2375,paulínia flin,1
2376,poço volume,1
2377,água pluvial,1
2378,pluvial captada,1
2379,pequena parte,1
2380,asfaltos parâmetros,1
2381,parâmetros estimados,1
2382,pertinente mos,1
2383,modo seguro,1
2384,dados discriminados,1
2385,serem lançados,1
2386,captada distribuída,1
2387,substâncias potencialmente,1
2388,potencialmente poluentes,1
2389,empregam quantidades,1
2390,quantidades relevan,1
2391,relevan tes,1
2392,demandam retira,1
2393,retira assim,1
2394,assim atuamos,1
2395,duas frentes,1
2396,preservar recursos,1
2397,água doce,1
2398,chuva reuso,1
2399,cinza instalação,1
2400,duplo acionamento,1
2401,edifício lubrax,1
2402,permitem fazer,1
2403,fazer reuso,1
2404,reuso dessas,1
2405,duas correntes,1
2406,correntes hídricas,1
2407,prédio lhamos,1
2408,correntes oleosas,1
2409,unidades monitorados,1
2410,monitorados antes,1
2411,recuperação separadores,1
2412,discriminados mil,1
2413,sms existe,1
2414,copos reutilizáveis,1
2415,atmosféricas consideramos,1
2416,futuro baseado,1
2417,estufa desenvolvendo,1
2418,desenvolvendo negócios,1
2419,energias reno,1
2420,reno váveis,1
2421,parceiros estaremos,1
2422,estaremos prontos,1
2423,clima possa,1
2424,apresentar atuando,1
2425,oferecer soluções,1
2426,soluções ami,1
2427,ami gáveis,1
2428,gias limpas,1
2429,valor reconhecemos,1
2430,tempestades alagamentos,1
2431,efeitos climáticos,1
2432,limitação operacional,1
2433,potencialmente alterados,1
2434,mudanças climá,1
2435,embalagens plásticas,1
2436,jogue limpoapresentação,1
2437,futura matriz,1
2438,potencial perda,1
2439,climáticas visto,1
2440,reutilizáveis emissões,1
2441,copos plásticos,1
2442,alterações relevantes,1
2443,materiais descartáveis,1
2444,resíduos oleosos,1
2445,tambores metálicos,1
2446,resíduos ole,1
2447,ole osos,1
2448,encaminhados preferencialmente,1
2449,copro cessamento,1
2450,cimen teiras,1
2451,reaproveitamento energético,1
2452,cimento produzido,1
2453,tambores passam,1
2454,reciclagem monitoramos,1
2455,segregação correta,1
2456,destinação apenas,1
2457,documentação aplicável,1
2458,aplicável cumprindo,1
2459,constante análise,1
2460,análise críti,1
2461,críti ca,1
2462,relevantes obedecemos,1
2463,reco lhimento,1
2464,após recolhido,1
2465,jogue limpo,1
2466,logística reversa,1
2467,associada fundadora,1
2468,segregação adequada,1
2469,ge contemplar,1
2470,pequenos vazamentos,1
2471,extensão territorial,1
2472,anos majoritariamente,1
2473,comunidades carentes,1
2474,lei municipal,1
2475,possível manter,1
2476,autoestima fortalecimento,1
2477,evento carnaval,1
2478,carnaval solidário,1
2479,arrecadar alimentos,1
2480,creches comunitárias,1
2481,relacionamento comuni,1
2482,comuni tário,1
2483,debate sobre,1
2484,conversa promovidas,1
2485,formação artística,1
2486,covid viabilizamos,1
2487,cartões ali,1
2488,ali mentação,1
2489,maior vul,1
2490,vul nerabilidade,1
2491,nerabilidade social,1
2492,agentes comunitários,1
2493,orientar moradores,1
2494,preveni rem,1
2495,vírus apresentação,1
2496,política estruturada,1
2497,estruturada aprovada,1
2498,majoritariamente oriundos,1
2499,vol tada,1
2500,compor tamento,1
2501,circenses vol,1
2502,elíseos participamos,1
2503,atuam geram,1
2504,geram riquezas,1
2505,comunitário consultivo,1
2506,líderes locais,1
2507,caxias empresários,1
2508,cabrini durante,1
2509,ciativa uniu,1
2510,uniu responsabilidade,1
2511,upcycling reaproveitamen,1
2512,coletes promocionais,1
2513,doados convertidos,1
2514,kits porta,1
2515,porta canudos,1
2516,comunidades desfavorecidas,1
2517,desfavorecidas economica,1
2518,economica mente,1
2519,situação prisional,1
2520,prisional selecionadas,1
2521,viver escolhemos,1
2522,privado isp,1
2523,loca lizado,1
2524,bairro cidade,1
2525,circo mantém,1
2526,artes circenses,1
2527,engloba diretrizes,1
2528,tamento ético,1
2529,trabalho voltou,1
2530,trabalho ohsas,1
2531,assistên cia,1
2532,cia multidisciplinar,1
2533,represen tam,1
2534,companhia dicatos,1
2535,trabalha dores,1
2536,exames regulares,1
2537,vazo m³,1
2538,tar acidentados,1
2539,hher percentual,1
2540,ptp queda,1
2541,acidentados recorde,1
2542,índice vazo,1
2543,treina mentos,1
2544,informação buscando,1
2545,recursos hídri,1
2546,resíduos sólidos,1
2547,pliance ambiental,1
2548,demais autorizações,1
2549,autorizações legais,1
2550,legais referentes,1
2551,ambiental lançamos,1
2552,estados alinhado,1
2553,naturais focada,1
2554,ações cotidianas,1
2555,lança mento,1
2556,refe formais,1
2557,normas internacionais,1
2558,cuidar uns,1
2559,dezesseis bases,1
2560,dúvida parar,1
2561,procurar ajuda,1
2562,proje tos,1
2563,prevenir monitorar,1
2564,educação capacitação,1
2565,capacitação conscientização,1
2566,legislação regulação,1
2567,regulação normas,1
2568,re quisitos,1
2569,implementar continuamente,1
2570,vida reforçamos,1
2571,desses esforços,1
2572,monito rado,1
2573,metas anuais,1
2574,serem atingidas,1
2575,sempre abaixo,1
2576,torná los,1
2577,los capazes,1
2578,obtivemos bons,1
2579,bons resulta,1
2580,integralmente cumpridas,1
2581,cumpridas contamos,1
2582,integrada sgi,1
2583,sgi sendo,1
2584,sendo dezesseis,1
2585,produtos poderá,1
2586,prejudi cado,1
2587,regiões afetadas,1
2588,embarcação capazes,1
2589,verana combustível,1
2590,beira rio,1
2591,iii ancorado,1
2592,fotovoltaicos publicação,1
2593,plvb coapresentação,1
2594,energia fotovol,1
2595,instalação passando,1
2596,duração possibilitam,1
2597,podem trazer,1
2598,autoprodução remota,1
2599,tam bém,1
2600,renováveis manteve,1
2601,anos anterios,1
2602,pontos percentuais,1
2603,ocorreu principalmente,1
2604,gnv óleo,1
2605,conversão balanço,1
2606,epe coeficientes,1
2607,equivalência médios,1
2608,converter metro,1
2609,metro cúbico,1
2610,giga joule,1
2611,joule óleo,1
2612,gasolina automotiva,1
2613,automotiva glp,1
2614,diesel verana,1
2615,captam inauguramos,1
2616,energética aumentaram,1
2617,desenvolvido internamente,1
2618,obter indicadores,1
2619,análises críticas,1
2620,implementadas destacam,1
2621,moder nização,1
2622,utilizam menor,1
2623,metro cú,1
2624,cú bico,1
2625,frota própria,1
2626,viagens aéreas,1
2627,participamos juntos,1
2628,logísitica verde,1
2629,plvb desenvolve,1
2630,desenvolve metodologias,1
2631,divulga boas,1
2632,selo verde,1
2633,ecoe tabilidade,1
2634,tabilidade boas,1
2635,carga lançado,1
2636,nacional leadership,1
2637,environmental design,1
2638,design leed,1
2639,requisitosde sus,1
2640,con sumo,1
2641,solar instalado,1
2642,prédio desenvolvido,1
2643,tensidade energética,1
2644,estratégia implemen,1
2645,chuvas intensas,1
2646,gj fator,1
2647,viagens média,1
2648,km viagem,1
2649,viagem consumo,1
2650,veículos pesados,1
2651,pesados km,1
2652,poder calorífico,1
2653,diesel kcal,1
2654,kcal kg,1
2655,kg gj,1
2656,gj kg,1
2657,tes documentos,1
2658,documentos complementares,1
2659,instalações industriais,1
2660,abnt nbr,1
2661,nbr iso,1
2662,organização ¹considerou,1
2663,conversão aplicados,1
2664,reduzimos gj,1
2665,represen tatividade,1
2666,permite comparar,1
2667,implementadas destaque,1
2668,transferências modais,1
2669,modais comparadas,1
2670,sido realizadas,1
2671,biodiversidade devido,1
2672,km viagens,1
2673,comercialização bem,1
2674,implemen tada,1
2675,distâncias percorridas,1
2676,fábricas armazenaram,1
2677,armazenaram quantidades,1
2678,quantidades maiores,1
2679,cimento asfáltico,1
2680,petróleo cap,1
2681,cap armazenado,1
2682,armazenado exigiu,1
2683,exigiu aquecimento,1
2684,aquecimento contínuo,1
2685,temperatura elevada,1
2686,gia elétrica,1
2687,energia vendida¹,1
2688,vendida¹ nananatotal,1
2689,nananatotal ¹razão,1
2690,vendida enquadra,1
2691,térmicas diesel,1
2692,consumida comprada,1
2693,comprada gj,1
2694,eletricidade vapor,1
2695,organização contratamos,1
2696,contratamos serviços,1
2697,volume transportado,1
2698,organização realiza,1
2699,cada modal,1
2700,maiores distâncias,1
2701,veículos utilizamos,1
2702,operacionais administrativas,1
2703,volume consumido,1
2704,loading ﬁpor,1
2705,reduz riscos,1
2706,tanque gerando,1
2707,gerando menores,1
2708,unidades recuperadoras,1
2709,substâncias destruidoras,1
2710,ca mada,1
2711,ozônio sdos,1
2712,aten der,1
2713,legislação brasileira,1
2714,emissões provêm,1
2715,provêm principalmente,1
2716,emissões oriundas,1
2717,cessos produtivos,1
2718,resoluções conama,1
2719,emulsões asfálticas,1
2720,asfálticas buscamos,1
2721,buscamos utilizar,1
2722,utilizar combustíveis,1
2723,gás liquefeito,1
2724,petróleo glp,1
2725,glp utilizado,1
2726,grossa realizamos,1
2727,atmosféricas semestralmente,1
2728,semestralmente oportunidades,1
2729,eletricidade calor,1
2730,ﬁpor baixoﬂ,1
2731,bottom loading,1
2732,redu ção,1
2733,combustíveis bottom,1
2734,intensas iniciamos,1
2735,oportunida des,1
2736,cenário regulatório,1
2737,país cujas,1
2738,cujas discus,1
2739,sões engajaram,1
2740,engajaram diversos,1
2741,econômicos mútuos,1
2742,mútuos inventário,1
2743,informatizado próprio,1
2744,próprio submetido,1
2745,submetido anualmen,1
2746,inven tário,1
2747,tário passou,1
2748,independente detemos,1
2749,detemos informações,1
2750,informações detalhadas,1
2751,detalhadas cadastradas,1
2752,cadastradas fonte,1
2753,estufa dióxido,1
2754,co metano,1
2755,metano ch,1
2756,gânicos voláteis,1
2757,voláteis covs,1
2758,selos gamento,1
2759,área metropolitana,1
2760,emissões brutas,1
2761,consideram ciente,1
2762,ferramentas utilizadas,1
2763,ar ipcc,1
2764,ipcc ipcc,1
2765,considera apenas,1
2766,ferramentas ren,1
2767,ren dimento,1
2768,dimento energético,1
2769,en ipea,1
2770,ipea gov,1
2771,distância percorrida,1
2772,corporativo msv,1
2773,msv stratura,1
2774,fretes intensidade,1
2775,ton co,1
2776,co eq,1
2777,eq mil,1
2778,medida ﬁmilhares,1
2779,estável durante,1
2780,equivalente reduções,1
2781,eletrici dade,1
2782,contabilização desta,1
2783,desta métrica,1
2784,desenvolvemos diversas,1
2785,rela cionadas,1
2786,transporte eco,1
2787,eco emissões,1
2788,gwp ar,1
2789,mcti gwp,1
2790,tool scope,1
2791,elétrica mcti,1
2792,conversão ghg,1
2793,base ap,1
2794,ap compilation,1
2795,air emission,1
2796,emission factors,1
2797,factors environmental,1
2798,environmental protect,1
2799,protect agency,1
2800,indiretas proveniente,1
2801,co che,1
2802,es colhida,1
2803,mcti vapor,1
2804,cdp tool,1
2805,vapor compen,1
2806,compen dium,1
2807,gas emissions,1
2808,emissions estimation,1
2809,estimation methodologies,1
2810,gas industry,1
2811,dutos ocasionada,1
2812,expressiva representatividade,1
2813,emissão uti,1
2814,uti lizados,1
2815,lizados cdp,1
2816,regiões norte,1
2817,decor rência,1
2818,aproximada mente,1
2819,luz,1
2820,premissas,1
2821,dimensões,1
2822,alinhadas,1
2823,preveem,1
2824,muitos,1
2825,inconscientes,1
2826,reproduzidos,1
2827,aproveitar,1
2828,tabu,1
2829,premiada,1
2830,medalha,1
2831,prata,1
2832,ativismo,1
2833,países,1
2834,aids,1
2835,mobilização,1
2836,carona,1
2837,hotsitesbr,1
2838,work,1
2839,paternidade,1
2840,papeis,1
2841,terceiro,1
2842,igualdade,1
2843,constar,1
2844,cadastro,1
2845,tendo,1
2846,plvb,1
2847,politicas,1
2848,karibu,1
2849,emis,1
2850,efeito,1
2851,cioambientais,1
2852,incluíram,1
2853,patrocínio,1
2854,circo,1
2855,comprometemos,1
2856,dignas,1
2857,integrar,1
2858,aderimos,1
2859,fundação,1
2860,adolescentes,1
2861,inciativa,1
2862,criada,1
2863,tornar,1
2864,ingresso,1
2865,distinguem,1
2866,lembrar,1
2867,pleiteou,1
2868,demonstração,1
2869,evidências,1
2870,excelência,1
2871,participando,1
2872,representadas,1
2873,federação,1
2874,proibição,1
2875,infantil,1
2876,coibição,1
2877,discriminação,1
2878,capacitados,1
2879,apoiar,1
2880,protegerem,1
2881,visam,1
2882,clima,1
2883,controlar,1
2884,comunicar,1
2885,buscar,1
2886,dústria,1
2887,legislação,1
2888,requerer,1
2889,prever,1
2890,implementar,1
2891,padronização,1
2892,im,1
2893,pactem,1
2894,recor,1
2895,reagir,1
2896,cipas,1
2897,ambientenosso,1
2898,aprimorado,1
2899,preservação,1
2900,contaminação,1
2901,solos,1
2902,determinação,1
2903,entor,1
2904,operam,1
2905,limpeza,1
2906,ecobags,1
2907,empregadores,1
2908,mantido,1
2909,alguma,1
2910,preceitos,1
2911,estabelecem,1
2912,encerramento,1
2913,referido,1
2914,recomendamos,1
2915,populações,1
2916,entorno,1
2917,integra,1
2918,moradoras,1
2919,moradores,1
2920,proximidades,1
2921,escola,1
2922,tada,1
2923,jovens,1
2924,viabilizado,1
2925,cria,1
2926,intuito,1
2927,alimentos,1
2928,fortaleceu,1
2929,estimulou,1
2930,alunos,1
2931,avançamos,1
2932,link,1
2933,devolvida,1
2934,campeonato,1
2935,competição,1
2936,prova,1
2937,patrocinar,1
2938,regularidade,1
2939,festival,1
2940,inova,1
2941,equidade,1
2942,término,1
2943,permitiu,1
2944,desfrutarem,1
2945,estande,1
2946,seminário,1
2947,passageiros,1
2948,sustentáveis,1
2949,esforços,1
2950,concentrarão,1
2951,lança,1
2952,acelerem,1
2953,implementação,1
2954,visando,1
2955,fomento,1
2956,time,1
2957,cloud,1
2958,computacional,1
2959,marketplace,1
2960,aniversário,1
2961,aumenta,1
2962,íntegra,1
2963,corrosão,1
2964,apresentaremos,1
2965,reposicionamento,1
2966,chegarem,1
2967,incluir,1
2968,pautamos,1
2969,ver,1
2970,diagnóstico,1
2971,mobilida,1
2972,motorização,1
2973,manianossa,1
2974,verão,1
2975,leque,1
2976,viabilidade,1
2977,fernando,1
2978,reinaugurado,1
2979,operem,1
2980,comodidade,1
2981,agilidade,1
2982,seis,1
2983,diferenciais,1
2984,redutor,1
2985,atrito,1
2986,peças,1
2987,acelerações,1
2988,inibidor,1
2989,implementa,1
2990,atuem,1
2991,facilidades,1
2992,videoconferência,1
2993,enchimento,1
2994,ganhadores,1
2995,casa,1
2996,laboratório,1
2997,respondentes,1
2998,elevar,1
2999,citado,1
3000,estudo,1
3001,patrocinarmos,1
3002,conveniênciaﬂ,1
3003,mentoria,1
3004,cluster,1
3005,cooperação,1
3006,especialmente,1
3007,vidades,1
3008,ﬁlaboratórioﬂ,1
3009,digitalização,1
3010,inovações,1
3011,testadas,1
3012,recarga,1
3013,celulares,1
3014,promovido,1
3015,pautado,1
3016,biental,1
3017,situações,1
3018,adequações,1
3019,concedido,1
3020,itens,1
3021,estabelecidas,1
3022,analytics,1
3023,ciência,1
3024,buscando,1
3025,colaborando,1
3026,pensarem,1
3027,iniciado,1
3028,estendeu,1
3029,case,1
3030,levou,1
3031,ecossistemas,1
3032,funciona,1
3033,micro,1
3034,milhares,1
3035,brae,1
3036,pessoasﬂ,1
3037,ﬁsustentabilidadeﬂ,1
3038,ﬁmobilida,1
3039,impulsionar,1
3040,propostas,1
3041,selecionadas,1
3042,aceleração,1
3043,customização,1
3044,tanto,1
3045,ia,1
3046,disponibilidade,1
3047,racionalização,1
3048,analisando,1
3049,burocráticas,1
3050,armazenamento,1
3051,aplicações,1
3052,detectar,1
3053,falta,1
3054,cometida,1
3055,transação,1
3056,utiliza,1
3057,interage,1
3058,pedido,1
3059,acontecimento,1
3060,negativo,1
3061,frações,1
3062,limpa,1
3063,fechados,1
3064,cozinha,1
3065,encontrado,1
3066,envasamento,1
3067,botijões,1
3068,aço,1
3069,giroscópio,1
3070,aplicada,1
3071,facilitar,1
3072,aprender,1
3073,bens,1
3074,funcionar,1
3075,computação,1
3076,simula,1
3077,trocadas,1
3078,computador,1
3079,participar,1
3080,simulador,1
3081,estacionamento,1
3082,carro,1
3083,automóveis,1
3084,estimulem,1
3085,sema,1
3086,emergencia,1
3087,monitoramen,1
3088,fruto,1
3089,propriedade,1
3090,tomador,1
3091,comportamento,1
3092,aconselhamento,1
3093,consulta,1
3094,nomeando,1
3095,divulgacao,1
3096,recente,1
3097,tuteladas,1
3098,conservação,1
3099,antecedentes,1
3100,entidade,1
3101,física,1
3102,siste,1
3103,mensuração,1
3104,lideram,1
3105,escalável,1
3106,refere,1
3107,matéria,1
3108,optou,1
3109,exclusão,1
3110,desenvolva,1
3111,mapeamento,1
3112,relacionam,1
3113,envolvimento,1
3114,detalhados,1
3115,finalmente,1
3116,parabeniza,1
3117,conduzir,1
3118,assinado,1
3119,mariana,1
3120,reportsustentabilidade,1
3121,contagiocriacao,1
3122,ceo perfil,1
3123,perfil direcionadores,1
3124,pdo aprendizagem,1
3125,comunitário sumário,1
3126,profundas mudanças,1
3127,empresa pri,1
3128,pri realizações,1
3129,subsidiária integralmente,1
3130,integralmente controlada,1
3131,traba lhamos,1
3132,lhamos continuamente,1
3133,entende,1
3134,dards,1
3135,reportou,1
3136,entrevistas,1
3137,continente,1
3138,formar,1
3139,concepção,1
3140,asseguraçao,1
3141,assegurações,1
3142,expressar,1
3143,informar,1
3144,comunica,1
3145,baseando,1
3146,padrão,1
3147,veracida,1
3148,compilação,1
3149,conclusões,1
3150,encaminhada,1
3151,auditado,1
3152,referenciadas,1
3153,independência,1
3154,competência,1
3155,formada,1
3156,quali,1
3157,parecer,1
3158,confiáveis,1
3159,amostragem,1
3160,verificado,1
3161,convidados,1
3162,ranking,1
3163,chuva,1
3164,comprometidos,1
3165,contínua,1
3166,limitação,1
3167,recolhidas,1
3168,destinadas,1
3169,sinergia,1
3170,controlamos,1
3171,inalação,1
3172,regime,1
3173,turbulência,1
3174,vapor,1
3175,maracanaú,1
3176,excepcionalmente,1
3177,ciente,1
3178,epa,1
3179,montante,1
3180,jusante,1
3181,calculado,1
3182,kg,1
3183,percorrida,1
3184,ﬁmilhares,1
3185,gee,1
3186,triênio,1
3187,reduções,1
3188,referente,1
3189,empregada,1
3190,possa,1
3191,futuro,1
3192,violem,1
3193,canecas,1
3194,torneiras,1
3195,vazão,1
3196,descargas,1
3197,estações,1
3198,segregação,1
3199,comportamentais,1
3200,entropias,1
3201,suspensão,1
3202,mensal,1
3203,leitura,1
3204,hidrômetro,1
3205,poço,1
3206,estimado,1
3207,pequena,1
3208,estimada,1
3209,médio,1
3210,reutilizados,1
3211,fornos,1
3212,incorporadas,1
3213,recondicionamento,1
3214,documentação,1
3215,oluc,1
3216,reci,1
3217,limpo,1
3218,descartados,1
3219,consumido,1
3220,modais,1
3221,transportado,1
3222,teleconferências,1
3223,utilizada,1
3224,enfoque,1
3225,variedade,1
3226,caracterização,1
3227,suportam,1
3228,avaliados,1
3229,fabricação,1
3230,regras,1
3231,preventivas,1
3232,sedentarismo,1
3233,indicador,1
3234,lesõesﬂ,1
3235,ﬁtaxa,1
3236,fatalidade,1
3237,termina,1
3238,informa,1
3239,motivos,1
3240,informadas,1
3241,pletam,1
3242,premia,1
3243,cumprem,1
3244,aciden,1
3245,zero,1
3246,estrada,1
3247,aderirem,1
3248,racionais,1
3249,iluminação,1
3250,orientações,1
3251,usados,1
3252,viagens,1
3253,reconhecer,1
3254,energy,1
3255,atesta,1
3256,diferencial,1
3257,teto,1
3258,suprir,1
3259,comercializar,1
3260,represa,1
3261,capitólio,1
3262,desenho,1
3263,alternativa,1
3264,transferências,1
3265,leve,1
3266,decréscimo,1
3267,fator,1
3268,multiplicação,1
3269,cap,1
3270,contínuo,1
3271,exercício,1
3272,fornecida,1
3273,exter,1
3274,somatória,1
3275,incremento,1
3276,licenciada,1
3277,recebimento,1
3278,atender aproximada,1
3279,ﬁpessoasﬂ,1
3280,três,1
3281,nove,1
3282,estabeleceu,1
3283,estatais,1
3284,critérios,1
3285,obrigatoriedade,1
3286,tomada,1
3287,rápido,1
3288,favorável,1
3289,experiência,1
3290,conse,1
3291,reeleição,1
3292,aplicam,1
3293,desempenhados,1
3294,administradores,1
3295,ca,1
3296,estatutário,1
3297,obedecer,1
3298,silva,1
3299,assessora,1
3300,sucessão,1
3301,discussão,1
3302,promovendo,1
3303,participativa,1
3304,ordinária,1
3305,planejamento,1
3306,instituição,1
3307,continuidade,1
3308,realocação,1
3309,equilíbrio,1
3310,curto,1
3311,diante,1
3312,pode,1
3313,prejudicar,1
3314,perenidade,1
3315,investir,1
3316,facilitem,1
3317,garantindo,1
3318,preservar,1
3319,faturamento,1
3320,opções,1
3321,ganho,1
3322,clareza,1
3323,baseiam,1
3324,capital,1
3325,adequar,1
3326,demonstramos,1
3327,estadão,1
3328,nhia,1
3329,indicados,1
3330,investido,1
3331,início,1
3332,concebido,1
3333,adaptar,1
3334,analisar,1
3335,balancete,1
3336,detecção,1
3337,desvios,1
3338,submetidas,1
3339,âmbito,1
3340,mínimos,1
3341,admissão,1
3342,ordem,1
3343,passam,1
3344,quinze,1
3345,anticorrupção,1
3346,treinadas,1
3347,reforçar,1
3348,comprometimento,1
3349,consideramos,1
3350,intranet,1
3351,mail,1
3352,disponibilização,1
3353,ead,1
3354,comunicadas,1
3355,procedimentos,1
3356,coordenação,1
3357,cartilha,1
3358,resultaram,1
3359,punição,1
3360,prestador,1
3361,vínculos,1
3362,estabelece,1
3363,semana,1
3364,android,1
3365,aplicativo,1
3366,internacional,1
3367,aperfeiçoamen,1
3368,financiamento,1
3369,terrorismo,1
3370,contrapartes,1
3371,apurações,1
3372,execução,1
3373,gerir,1
3374,aperfeiçoamos,1
3375,designação,1
3376,disseminação,1
3377,mês,1
3378,iia,1
3379,brdistribuidora,1
3380,promove,1
3381,valoriza,1
3382,compro,1
3383,independente,1
3384,imparcial,1
3385,externo,1
3386,violações,1
3387,administrado,1
3388,sugestões,1
3389,site,1
3390,contatoseguro,1
3391,rentabilidade,1
3392,considerar,1
3393,atualizada,1
3394,vocação,1
3395,segura,1
3396,atuarmos,1
3397,sob,1
3398,atenção,1
3399,permaneceu,1
3400,terminamos,1
3401,melhores,1
3402,perda,1
3403,hora,1
3404,ingressar,1
3405,vez,1
3406,resumo,1
3407,referência,1
3408,mover,1
3409,geramos,1
3410,paga,1
3411,tributos,1
3412,locais,1
3413,sempre,1
3414,orgulho,1
3415,capítulo,1
3416,perfilsomos,1
3417,anônima,1
3418,listada,1
3419,responsáveis,1
3420,chegar,1
3421,assim,1
3422,garante,1
3423,dependente,1
3424,transformação,1
3425,operacional,1
3426,digital,1
3427,sumário,1
3428,global,1
3429,apresentamos,1
3430,ambiental,1
3431,recursos,1
3432,subsidiária,1
3433,trazer,1
3434,fala,1
3435,segmen,1
3436,ligação,1
3437,levar,1
3438,abastece,1
3439,movimenta,1
3440,publicarmos,1
3441,detalhamos,1
3442,concretizamos,1
3443,transformamos,1
3444,salto,1
3445,abordar,1
3446,última,1
3447,crescimento,1
3448,sustentável,1
3449,atacado,1
3450,presa,1
3451,capilarizada,1
3452,cinco,1
3453,tes,1
3454,gasoli,1
3455,recepção,1
3456,aeronaves,1
3457,atendidos,1
3458,divulgados,1
3459,ministério,1
3460,concessão,1
3461,influenciam,1
3462,consultoria,1
3463,relacionamos,1
3464,consultados,1
3465,percepções,1
3466,refletidas,1
3467,referendada,1
3468,imagem,1
3469,apresenta,1
3470,vertical,1
3471,ocupa,1
3472,material,1
3473,impactados,1
3474,resposta,1
3475,trabalhamos,1
3476,entram,1
3477,fornecedor,1
3478,plural,1
3479,combustí,1
3480,oferecem,1
3481,frente,1
3482,interligada,1
3483,terceirizada,1
3484,secundária,1
3485,alterações,1
3486,implementado,1
3487,sucederam,1
3488,solidariedade,1
3489,line,1
3490,álcool,1
3491,bônus,1
3492,atuam,1
3493,fiocruz,1
3494,varejistas,1
3495,voos,1
3496,insumos,1
3497,rentável,1
3498,valores,1
3499,etanol,1
3500,redor,1
3501,higiene,1
3502,rua,1
3503,fornecemos,1
3504,exclusividade,1
3505,território,1
3506,expostos,1
3507,baseada,1
3508,recebeu,1
3509,leilão,1
3510,olhar,1
3511,móvel,1
3512,pacaraima,1
3513,local,1
3514,fechamento,1
3515,fronteira,1
3516,venezuelano,1
3517,corredores,1
3518,caminhoneiro,1
3519,troca,1
3520,adotada,1
3521,realiza,1
3522,aderiram,1
3523,exploração,1
3524,dispomos,1
3525,ampliados,1
3526,cisterna,1
3527,escritórios,1
3528,diminuir,1
3529,adotamos,1
3530,chuveiros,1
3531,vestiário,1
3532,advento,1
3533,imediações,1
3534,alterar,1
3535,último,1
3536,ampliarem,1
3537,pool,1
3538,lote,1
3539,distribuidoras,1
3540,movimentamos,1
3541,armazenagem,1
3542,movimentados,1
3543,volta,1
3544,caminhões,1
3545,central,1
3546,municia,1
3547,chegada,1
3548,programações,1
3549,priorida,1
3550,obter,1
3551,escala,1
3552,testado,1
3553,equipamentos,1
3554,previsão,1
3555,obras,1
3556,automação,1
3557,leilões,1
3558,integrante,1
3559,venceu,1
3560,tornando,1
3561,parceira,1
3562,terminais,1
3563,terminal,1
3564,militar,1
3565,presença,1
3566,grande,1
3567,atuando,1
3568,minucioso,1
3569,ven,1
3570,solicitações,1
3571,prestadores,1
3572,orientado,1
3573,requer,1
3574,agendamento,1
3575,formatação,1
3576,dar,1
3577,interesse,1
3578,acompanhar,1
3579,crescido,1
3580,associações,1
3581,panorama,1
3582,midor,1
3583,apontados,1
3584,reclamações,1
3585,categorizadas,1
3586,corrupçãoﬂ,1
3587,tratadas,1
3588,integrou,1
3589,atribuído,1
3590,contudo,1
3591,privatização,1
3592,grau,1
3593,centralizadas,1
3594,aquisições,1
3595,focar,1
3596,encontro,1
3597,noroeste,1
3598,km,1
3599,mui,1
3600,comerciais,1
3601,si,1
3602,relacionar,1
3603,associados,1
3604,destacaram,1
3605,frentistas,1
3606,incluem,1
3607,reuniões,1
3608,mundial,1
3609,seleção,1
3610,debatidas,1
3611,formulação,1
3612,principalmente,1
3613,distribuidores,1
3614,lubrificantes,1
3615,estreitar,1
3616,pautada,1
3617,alguns,1
3618,recuperação,1
3619,atendemos,1
3620,atacadistas,1
3621,sócio,1
3622,maximização,1
3623,divulgadas,1
3624,educação,1
3625,autodesenvolvimento,1
3626,intenso,1
3627,learning,1
3628,amplia,1
3629,considerando,1
3630,reforçava,1
3631,meritocracia,1
3632,guem,1
3633,pares,1
3634,formato,1
3635,contribui,1
3636,alavancar,1
3637,manteve,1
3638,estável,1
3639,desligaram,1
3640,mundança,1
3641,negociação,1
3642,variável,1
3643,colabora,1
3644,contribuição,1
3645,nenhum,1
3646,adesão,1
3647,descuidar,1
3648,globais,1
3649,agen,1
3650,estimulam,1
3651,vido,1
3652,contribuem,1
3653,quase,1
3654,patrocinadoras,1
3655,comissão,1
3656,emprego,1
3657,concebida,1
3658,vigente,1
3659,implantar,1
3660,ajude,1
3661,desenvolverem,1
3662,superarem,1
3663,reter,1
3664,reavaliação,1
3665,funções,1
3666,privado,1
3667,readequação,1
3668,retirados,1
3669,tratados,1
3670,compor,1
3671,promoveu,1
3672,resultou,1
3673,instituída,1
3674,estimativa,1
3675,lançado,1
3676,ajustar,1
3677,tamanho,1
3678,aderiu,1
3679,reformas,1
3680,previsões,1
3681,transformações,1
3682,levarão,1
3683,recuperar,1
3684,importação,1
3685,seguida,1
3686,única,1
3687,tocantins,1
3688,far,1
3689,ão,1
3690,rating,1
3691,diluído,1
3692,provedores,1
3693,divulga,1
3694,licença,1
3695,alimentação,1
3696,reforço,1
3697,quitações,1
3698,obteve,1
3699,bilhão,1
3700,anunciado,1
3701,receber,1
3702,alienar,1
3703,negociações,1
3704,dubai,1
3705,atua,1
3706,encontra,1
3707,conclusão,1
3708,oscilações,1
3709,biodiesel,1
3710,renovável,1
3711,série,1
3712,patamar,1
3713,elevação,1
3714,engloba,1
3715,apresentaram,1
3716,retração,1
3717,enquanto,1
3718,expansão,1
3719,explicado,1
3720,persistiu,1
3721,apresentou,1
3722,registramos,1
3723,revenda,1
3724,elétrica,1
3725,gicas,1
3726,business,1
3727,pilares,1
3728,direcionamentos,1
3729,maximizar,1
3730,posicionamento,1
3731,porte,1
3732,mercadorias,1
3733,paralelamente,1
3734,preparamos,1
3735,evoluções,1
3736,lançamento deste,1
3737,passo importante,1
3738,conhece sobre,1
3739,tos capacidades,1
3740,anual manteve,1
3741,anos anteriores,1
3742,carreira amplia,1
3743,bem pago,1
3744,integral previdência,1
3745,complementar patrocinamos,1
3746,patrocinamos três,1
3747,previdência complemen,1
3748,complemen tar,1
3749,repactuados plano,1
3750,contribuição variável,1
3751,variável cv,1
3752,composição ppsp,1
3753,pp dentre,1
3754,previdên cia,1
3755,opção própria,1
3756,complementar patrocinados,1
3757,adesão voluntária,1
3758,muitas mudanças,1
3759,prepa ração,1
3760,história buscamos,1
3761,buscamos repensar,1
3762,tendências macroeconômicas,1
3763,macroeconômicas nacionais,1
3764,previsões indicavam,1
3765,atitudes necessárias,1
3766,comportamen tos,1
3767,re formulações,1
3768,competências existentes,1
3769,cargos gerenciais,1
3770,remuneração estimativa,1
3771,desligou ainda,1
3772,totalizando desliga,1
3773,desenvol vido,1
3774,diretrizes destacam,1
3775,tecnologias digitais,1
3776,digitais inclui,1
3777,inclui capacitações,1
3778,capacitações via,1
3779,treinamentos práticos,1
3780,realidade virtual,1
3781,possi bilidades,1
3782,vasta experiência,1
3783,experiência existente,1
3784,modelo evolutivo,1
3785,evolutivo compatível,1
3786,modelo ﬁ,1
3787,ﬁ ºﬂ,1
3788,inclui feedback,1
3789,superio res,1
3790,res subordinados,1
3791,subordinados clientes,1
3792,incluídos neste,1
3793,neste formato,1
3794,despeito dessa,1
3795,dessa conjuntura,1
3796,conjuntura obtivemos,1
3797,outro patamar,1
3798,impostos estaduais,1
3799,federais período,1
3800,sete ligadas,1
3801,core business,1
3802,três derivadas,1
3803,oportunidades adicionais,1
3804,adicional oportunidade,1
3805,iniciativas ganhou,1
3806,mapa estraté,1
3807,objetivos claros,1
3808,valor baseia,1
3809,mercado contando,1
3810,infraestrutura robusta,1
3811,conjunto camos,1
3812,camos relevantes,1
3813,relevantes possibilidades,1
3814,crescimento poten,1
3815,poten cializadas,1
3816,alta dependência,1
3817,dessas iniciati,1
3818,iniciati vas,1
3819,vas estratégicas,1
3820,mu danças,1
3821,danças climáticas,1
3822,diesel perderá,1
3823,anidro impostos,1
3824,precos revenda,1
3825,informações acesse,1
3826,movimento pode,1
3827,anterior elevação,1
3828,biocombus tíveis,1
3829,tíveis anp,1
3830,análise engloba,1
3831,anidro etanol,1
3832,hidratado gasolina,1
3833,diesel querosene,1
3834,aviação qav,1
3835,positivo apresentando,1
3836,apresentando alta,1
3837,apresentaram retração,1
3838,vantagem competitiva,1
3839,serviços agregados,1
3840,combustí vel,1
3841,vel fóssil,1
3842,otto apresentou,1
3843,assunto presente,1
3844,dirige conforme,1
3845,conforme imagem,1
3846,imagem abaixo,1
3847,incidem sobre,1
3848,importante ressaltar,1
3849,representa apenas,1
3850,apenas lucro,1
3851,internas remanejadas,1
3852,ajustes funcionais,1
3853,atual diversas,1
3854,anticorrupção adotados,1
3855,métrica nonúmero,1
3856,nonúmero nenúmero,1
3857,nenúmero conúmero,1
3858,conúmero senúmero,1
3859,senúmero sulnúmero,1
3860,categoria funcionalmétrica,1
3861,funcionalmétrica diretoria,1
3862,número informamos,1
3863,possível apurar,1
3864,dados salientamos,1
3865,terceiros dire,1
3866,dire cionada,1
3867,traz informações,1
3868,conceitos básicos,1
3869,atuais diretores,1
3870,diretores realizaram,1
3871,rupção envolvendo,1
3872,envolvendo apropriação,1
3873,apropriação indevida,1
3874,possível aplicar,1
3875,aplicar medida,1
3876,medida discipli,1
3877,princí pios,1
3878,empresariais mitigar,1
3879,recomendações internacionalmente,1
3880,região métrica,1
3881,nicados sobre,1
3882,diversos ajustes,1
3883,comu nicados,1
3884,aplicativo contato,1
3885,seguro disponível,1
3886,operacionais ios,1
3887,feito horas,1
3888,necessário denúncias,1
3889,admissibilidade treinamentos,1
3890,colaboradores tomam,1
3891,tomam conhecimento,1
3892,códi go,1
3893,pre venção,1
3894,ordem econô,1
3895,econô mica,1
3896,mica bem,1
3897,outros dois,1
3898,dois cursos,1
3899,ética opcio,1
3900,opcio nais,1
3901,nais complementam,1
3902,passam periodicamente,1
3903,treinamentos presenciais,1
3904,presenciais sobre,1
3905,membros pertencentes,1
3906,treinadas diminuiu,1
3907,diminuiu devido,1
3908,anticorrupção consideramos,1
3909,internacionalmente reco,1
3910,reco nhecidas,1
3911,organizações patrocinadoras,1
3912,comissão treadway,1
3913,merito crático,1
3914,crático desenvolver,1
3915,reter talentos,1
3916,pro dutividade,1
3917,dutividade relacionados,1
3918,ta refas,1
3919,prepa rar,1
3920,capital privado,1
3921,prospecção atração,1
3922,pessoal agora,1
3923,agora compatível,1
3924,norte nordeste,1
3925,nordeste centro,1
3926,centro oeste,1
3927,oeste sudeste,1
3928,sudeste sul,1
3929,possuem contratos,1
3930,tempo indeterminado,1
3931,indeterminado todos,1
3932,capítulo ﬁpessoasﬂ,1
3933,via sap,1
3934,gerência coordenação,1
3935,coordenação técnica,1
3936,etária faixa,1
3937,etária próprios,1
3938,cultural implantar,1
3939,mação cultural,1
3940,transfor mação,1
3941,consumidor financeiro,1
3942,treadway coso,1
3943,norma iso,1
3944,cor porativa,1
3945,porativa ibgc,1
3946,integrada desses,1
3947,atribuições divididas,1
3948,ad ministração,1
3949,empresariais monitorados,1
3950,monitorados categoria,1
3951,podem comprometer,1
3952,negóciosriscos relativos,1
3953,financeiro conformidade,1
3954,talentos melhoria,1
3955,regulamentos pertinentes,1
3956,pertinentes bem,1
3957,conduta etc,1
3958,etc operacional,1
3959,emprego tipo,1
3960,emprego próprios,1
3961,jornada integral,1
3962,integral jornada,1
3963,jornada parcial,1
3964,humanos captação,1
3965,captação retenção,1
3966,relevância atual,1
3967,diversas possibilidades,1
3968,fundamental importância,1
3969,móvel atendeu,1
3970,população local,1
3971,venezuela perdeu,1
3972,junho anunciamos,1
3973,janei ro,1
3974,postos localizam,1
3975,recebem consumidores,1
3976,caminhoneiro lançamos,1
3977,car tão,1
3978,cartão pré,1
3979,pré pago,1
3980,troca dinheiro,1
3981,dias disponí,1
3982,disponí vel,1
3983,vel inicialmente,1
3984,rede siga,1
3985,siga bem,1
3986,solução pode,1
3987,autônomos transpor,1
3988,embarcadores mercado,1
3989,consumidor concentra,1
3990,públi co,1
3991,ressuprimento automá,1
3992,automá tico,1
3993,automatizada mento,1
3994,mento ideal,1
3995,necessidade urgente,1
3996,ma rr,1
3997,ti manutenção,1
3998,pacarai ma,1
3999,admi nistrativa,1
4000,participações societárias,1
4001,consórcio formado,1
4002,duas distribuidoras,1
4003,lei lão,1
4004,portos realizado,1
4005,quatro terminais,1
4006,portuários três,1
4007,inves timento,1
4008,milhões aplicados,1
4009,vitória es,1
4010,deve receber,1
4011,receber pouco,1
4012,metade desse,1
4013,investimento previstos,1
4014,ultrapassou mil,1
4015,varejo buscou,1
4016,buscou durante,1
4017,último trimestre,1
4018,postos urbanos,1
4019,atento demandas,1
4020,demandas próprias,1
4021,principais progressos,1
4022,setor destacamos,1
4023,março inauguramos,1
4024,reabastecimento garantindo,1
4025,reposição fechamos,1
4026,oito pontos,1
4027,automático movimentan,1
4028,exe cutiva,1
4029,ª edição,1
4030,feira latin,1
4031,latin american,1
4032,american business,1
4033,business aviation,1
4034,aviation labace,1
4035,labace maior,1
4036,evento latino,1
4037,latino americano,1
4038,executiva lá,1
4039,lá pudemos,1
4040,pudemos divulgar,1
4041,aviation club,1
4042,aviation card,1
4043,card mercados,1
4044,grande novidade,1
4045,gás celebrada,1
4046,governo daquele,1
4047,daquele es,1
4048,es tado,1
4049,gás canaliza,1
4050,concessão compreende,1
4051,compreende investimentos,1
4052,históricos superiores,1
4053,comercial exe,1
4054,frota pesada,1
4055,possível diminuir,1
4056,milrevendedores destaques,1
4057,combustível mensalmente,1
4058,mensalmente além,1
4059,maior integradora,1
4060,químicos consumidos,1
4061,sólido conhecimento,1
4062,chain possibilitando,1
4063,alta cionais,1
4064,cionais localizados,1
4065,maiores regiões,1
4066,regiões demandantes,1
4067,suprimento líder,1
4068,crescimento desta,1
4069,açú remodelamos,1
4070,desta indústria,1
4071,modernizados recebendo,1
4072,recebendo iniciativas,1
4073,rj instala,1
4074,instala mos,1
4075,mos postes,1
4076,solar reativamos,1
4077,pluviais adaptamos,1
4078,aquecimento solar,1
4079,macaé rj,1
4080,site pulmão,1
4081,infraestrutura admi,1
4082,áreas portuárias,1
4083,possibilidades apresentam,1
4084,riscos moody,1
4085,lucro líquido,1
4086,líquido básico,1
4087,ação capital,1
4088,distribuído custos,1
4089,capital pagamentos,1
4090,gerado receitas,1
4091,receitas retido,1
4092,retido valor,1
4093,gerado menos,1
4094,considerados incentivos,1
4095,caráter cultural,1
4096,artístico atividades,1
4097,caráter desporti,1
4098,desporti vo,1
4099,vo ampliação,1
4100,licença maternidade,1
4101,maternidade programa,1
4102,trabalhador pat,1
4103,recebíveis obteve,1
4104,obteve ganhos,1
4105,receber valo,1
4106,valo bemos,1
4107,parcelas mensais,1
4108,mensais desinvestimentos,1
4109,portfólio anunciamos,1
4110,positivas projetadas,1
4111,agência internacional,1
4112,demandas legais,1
4113,aaa brﬂ,1
4114,fonte renovável,1
4115,verde alternativas,1
4116,devem crescer,1
4117,š ƒpilares,1
4118,vamente afetado,1
4119,segundo trimestre,1
4120,margens afetadas,1
4121,biocombustíveis tendência,1
4122,vinha sendo,1
4123,sendo seguida,1
4124,doras concorrentes,1
4125,única operação,1
4126,metros cúbicos,1
4127,diesel importado,1
4128,importado embarcados,1
4129,navio tan,1
4130,tan maranhão,1
4131,maranhão piauí,1
4132,piauí pará,1
4133,ão sentir,1
4134,sentir plenamen,1
4135,plenamen bemos,1
4136,rating corporativo,1
4137,corporativo ﬁba,1
4138,ﬁba aaa,1
4139,empresa bitumi,1
4140,industries sediada,1
4141,cdgn lo,1
4142,lo gística,1
4143,frotas ccf,1
4144,chegada es,1
4145,es timada,1
4146,maior mulamos,1
4147,atividade exigindo,1
4148,cumprimento preciso,1
4149,inversões atrasos,1
4150,paradas desnecessárias,1
4151,obter ganhos,1
4152,frete aprovado,1
4153,pdlt começou,1
4154,cliente implantamos,1
4155,aten dimento,1
4156,dimento virtual,1
4157,virtual chatbot,1
4158,aplicativo rota,1
4159,rota fácil,1
4160,via mobile,1
4161,apre sentado,1
4162,áreas somou,1
4163,investimentos planejados,1
4164,milhões talações,1
4165,corporativos obras,1
4166,manutenção melho,1
4167,melho rias,1
4168,ct através,1
4169,tanque ct,1
4170,monitoramos diariamente,1
4171,opera dores,1
4172,natural comprimido,1
4173,ramos industrial,1
4174,recentemente autori,1
4175,autori zada,1
4176,defesa econômica,1
4177,econômica cade,1
4178,duas transações,1
4179,transações contribuem,1
4180,cdgn logística,1
4181,conjuntas pool,1
4182,distribuidoras armazenagens,1
4183,dores logísticos,1
4184,automatiza ção,1
4185,armazenagem tanca,1
4186,tanca gem,1
4187,armazenagem movimentados,1
4188,áreas individuais,1
4189,individuais š,1
4190,š armazenagens,1
4191,conjuntas š,1
4192,š operadores,1
4193,operadores logísticos,1
4194,logísticos arubaarremarronargovarlemarmocarjorarcasaroriarrigarlagbaflobajoibajaibaguarsinopbamanbaracbarixbamonbamabbaçaibavicbalembalisbaforbeterbejuabacrobagambacabbeapebamacbacajbacambamatbajeqbaunabavitbabetbaubebalanbaponbataqbacadbadenbaurubaducbavolbalonbaplanbajuiberavbanoasbaeribaspabacubbavapbaibabegonbabrasbasulbaribbavelaimapaipafairinaicarairibaicampoitankingcatalliniageotequimartequimartecabapresentação,1
4195,investimos continuamente,1
4196,site https,1
4197,ligação telefônica,1
4198,denúncias sugestões,1
4199,dades químicas,1
4200,economia atendidos,1
4201,gás domissanitários,1
4202,borrachas energia,1
4203,energia lideramos,1
4204,coque verde,1
4205,petróleo cvp,1
4206,comércio exterior,1
4207,exterior outras,1
4208,santo atendendo,1
4209,atendendo aproximadamente,1
4210,initiative cujas,1
4211,cujas di,1
4212,di retrizes,1
4213,construção deste,1
4214,organização resume,1
4215,refletem impactos,1
4216,impactos significativos,1
4217,significativos econômicos,1
4218,stakeholders atualizamos,1
4219,atualizamos bianualmente,1
4220,temas mate,1
4221,mate riais,1
4222,conta mos,1
4223,consultoria especializada,1
4224,consultados acerca,1
4225,líderes nacionais,1
4226,especiali dades,1
4227,automotivos lubrax,1
4228,solventes hidrocarbônicos,1
4229,segmento características,1
4230,características mercado,1
4231,combustí rentes,1
4232,rentes setores,1
4233,setores siderurgia,1
4234,siderurgia mineração,1
4235,mineração papel,1
4236,celulose cimento,1
4237,transporte termelé,1
4238,termelé tricas,1
4239,tricas agronegócio,1
4240,transportador reven,1
4241,reven dedor,1
4242,dedor retalhista,1
4243,entes públicos,1
4244,combus tíveis,1
4245,presen tes,1
4246,clientes fornecendo,1
4247,fornecendo querosene,1
4248,ainda oferecemos,1
4249,aviation centers,1
4250,centers mercados,1
4251,especiais químicos,1
4252,en xofre,1
4253,xofre solventes,1
4254,acerca dessas,1
4255,dessas ques,1
4256,ques tões,1
4257,temas priorizados,1
4258,fornecedor produção,1
4259,renováveis criar,1
4260,criar novos,1
4261,eólica habilitar,1
4262,carbono oportunidade,1
4263,trazer retorno,1
4264,exige equilíbrio,1
4265,prazo precisamos,1
4266,precisamos aumentar,1
4267,atratividade diante,1
4268,cenário complexo,1
4269,pode afetar,1
4270,afetar toda,1
4271,alta expectativa,1
4272,expectativa sobre,1
4273,gerem vantagens,1
4274,vantagens competitivas,1
4275,incorporem novas,1
4276,tendências devemos,1
4277,devemos investir,1
4278,vamos garantir,1
4279,operação devemos,1
4280,mobilidade contribuir,1
4281,oferecendo soluções,1
4282,clientes cumprir,1
4283,revendedor colaboradores,1
4284,cliente revendedor,1
4285,efeitos danosos,1
4286,vância relativa,1
4287,gerentes alta,1
4288,seguintes grupos,1
4289,grupos externos,1
4290,externos especialistas,1
4291,con sumidores,1
4292,relação concisa,1
4293,alta adminis,1
4294,seguir apresenta,1
4295,matriz representa,1
4296,representa visão,1
4297,stakeholders vância,1
4298,temas resumem,1
4299,inclusive riscos,1
4300,considera aspectos,1
4301,breve descrição,1
4302,material odsporque,1
4303,emergências trabalhamos,1
4304,requerem atenção,1
4305,atenção redobrada,1
4306,afeta toda,1
4307,realizar análise,1
4308,análise criteriosa,1
4309,produtos adaptando,1
4310,tecnológicas inclusive,1
4311,franquias lubrax,1
4312,serviços automotivos,1
4313,sigiloso hospedado,1
4314,obtivemos resulta,1
4315,estabilidade operacional,1
4316,transformação prossegue,1
4317,dúvida continuaremos,1
4318,continuaremos nesse,1
4319,nesse caminho,1
4320,trânsito feitos,1
4321,fro ta,1
4322,ambientais levaram,1
4323,empre construção,1
4324,companhia rumo,1
4325,desenvol vimento,1
4326,vimento perene,1
4327,lideran ça,1
4328,mercado literalmente,1
4329,literalmente ajudamos,1
4330,entregar energia,1
4331,con veniência,1
4332,veniência contribuímos,1
4333,enorme valor,1
4334,qua lidade,1
4335,serviços ofertados,1
4336,locais sempre,1
4337,integração importan,1
4338,tomou posse,1
4339,história continuaremos,1
4340,rentabilidades dentro,1
4341,tantas mudanças,1
4342,dois tipos,1
4343,escrutínio ainda,1
4344,esperamos contribuir,1
4345,seguir abordamos,1
4346,desta ques,1
4347,importante transição,1
4348,passou deixamos,1
4349,empresa estatal,1
4350,mudança permitirá,1
4351,opera ções,1
4352,ções permaneceremos,1
4353,permaneceremos líderes,1
4354,igualmente importante,1
4355,última instância,1
4356,instância mostra,1
4357,esperamos sustentar,1
4358,crescimento sustentável,1
4359,transformação crucial,1
4360,mudando acreditamos,1
4361,brasileira vai,1
4362,vai mudanças,1
4363,distri buidora,1
4364,forma conveniente,1
4365,transformação organi,1
4366,organi zacional,1
4367,iniciativas fundamentais,1
4368,negócio reformulamos,1
4369,continuaremos geran,1
4370,brasileira rafael,1
4371,compliance perfil,1
4372,mercado cantes,1
4373,diesel tomamos,1
4374,tomamos todos,1
4375,frente contra,1
4376,cruz vermelha,1
4377,vermelha além,1
4378,força aérea,1
4379,aérea brasileira,1
4380,levaram insumos,1
4381,provendo soluções,1
4382,conveniência ligadas,1
4383,pro dução,1
4384,álcool sanitizante,1
4385,sanitizante líquido,1
4386,ensino brasileiros,1
4387,receberam kits,1
4388,higiene pessoal,1
4389,disso apoiamos,1
4390,prestam suporte,1
4391,vulnerabi lidade,1
4392,ações conheça,1
4393,conheça todas,1
4394,exclusividade diesel,1
4395,natural veicular,1
4396,veicular gnv,1
4397,oferecemos dois,1
4398,grátis distribuição,1
4399,refeições grátis,1
4400,line refeições,1
4401,jornal folha,1
4402,biocom bustíveis,1
4403,bustíveis anp,1
4404,empresas dicom,1
4405,dicom químicos,1
4406,presa privada,1
4407,receita operacional,1
4408,rj contamos,1
4409,contamos hoje,1
4410,dis tribuição,1
4411,bases depósitos,1
4412,cinco regiões,1
4413,grandes mudan,1
4414,cami nhoneiros,1
4415,mudan ças,1
4416,pública secundária,1
4417,acionista controladora,1
4418,organizacional implementado,1
4419,empre sarial,1
4420,sarial ise,1
4421,atuação contra,1
4422,exige apoiamos,1
4423,meses críticos,1
4424,pan demia,1
4425,demia realizamos,1
4426,consumidores garantindo,1
4427,devemos garantir,1
4428,essenciais pois,1
4429,ricardo andersen,1
4430,castro burgos,1
4431,burgos diretor,1
4432,comitês vinculados,1
4433,vinculados diretamente,1
4434,conse lho,1
4435,caráter permanente,1
4436,prestam assessoria,1
4437,estatutário analisa,1
4438,auditores independentes,1
4439,envolvem indicação,1
4440,indicação remune,1
4441,remune ração,1
4442,composição completa,1
4443,administracao comitê,1
4444,ﬁcomitêﬂ vinculado,1
4445,assuntos rela,1
4446,rela cionados,1
4447,fiscal composto,1
4448,respectivos suplentes,1
4449,suplentes eleitos,1
4450,geral ordinária,1
4451,estatutários opinar,1
4452,opinar sobre,1
4453,demais demonstrações,1
4454,demonstrações membro,1
4455,digital leonardo,1
4456,aspen ricardo,1
4457,pois disponibilizam,1
4458,compliance aspen,1
4459,carolina lacerda,1
4460,lacerda pedro,1
4461,pedro santos,1
4462,santos ripper,1
4463,ripper ricardo,1
4464,ricardo carvalho,1
4465,carvalho maia,1
4466,maia membro,1
4467,posição rafael,1
4468,rafael salvador,1
4469,salvador grisolia,1
4470,ceo flavio,1
4471,dantas diretor,1
4472,marcelo fernandes,1
4473,fernandes bragança,1
4474,bragança diretor,1
4475,sourcing marcelo,1
4476,natal diretor,1
4477,ri selma,1
4478,selma rocha,1
4479,rocha fernandes,1
4480,fernandes diretora,1
4481,henry daniel,1
4482,daniel hadid,1
4483,hadid diretor,1
4484,posição bruno,1
4485,bruno passos,1
4486,silva melo,1
4487,melo efetivo,1
4488,estrutura cumpre,1
4489,companhia designada,1
4490,objetiva estabelecer,1
4491,estabelecer princípios,1
4492,corrup ção,1
4493,ção englobando,1
4494,englobando dentre,1
4495,alta admi,1
4496,admi nistração,1
4497,gerentes background,1
4498,padrões éticos,1
4499,operações passaram,1
4500,mês internacional,1
4501,conscientização pro,1
4502,ação promove,1
4503,participa ção,1
4504,iia conta,1
4505,ação positiva,1
4506,compro metimento,1
4507,ferramen ta,1
4508,ta independente,1
4509,independente sigilosa,1
4510,interno acolhendo,1
4511,acolhendo relatos,1
4512,biente seguro,1
4513,ciativas relativas,1
4514,che ck,1
4515,background che,1
4516,montera maria,1
4517,suplente eduardo,1
4518,eduardo damázio,1
4519,silva rezende,1
4520,rezende joão,1
4521,joão verner,1
4522,verner juenemann,1
4523,juenemann efetivo,1
4524,suplente maria,1
4525,maria carmen,1
4526,carmen westerlund,1
4527,westerlund montera,1
4528,maria salete,1
4529,partidos políticos,1
4530,salete garcia,1
4531,garcia pinheiro,1
4532,pinheiro efetivo,1
4533,compliance concen,1
4534,concen tra,1
4535,relações institucionais,1
4536,desvios notadamente,1
4537,integridade passa,1
4538,existentes tais,1
4539,due diligence,1
4540,agentes políticos,1
4541,maria carolina,1
4542,neto maria,1
4543,andrade neto,1
4544,estatais critérios,1
4545,diretores estatutários,1
4546,nova denominação,1
4547,investido res,1
4548,res flavio,1
4549,di retor,1
4550,retor comercial,1
4551,marcelo bragança,1
4552,estatutários indicados,1
4553,digital henry,1
4554,henry hadid,1
4555,compliance leonardo,1
4556,leonardo burgos,1
4557,selma fernandes,1
4558,responsa bilidades,1
4559,humanos compatíveis,1
4560,organizacional planejada,1
4561,planejada durante,1
4562,planejamento adotado,1
4563,adotado após,1
4564,novas denominações,1
4565,independentes supe,1
4566,supe rando,1
4567,evitar empates,1
4568,votações revisão,1
4569,novo estatuto,1
4570,grisolia eleito,1
4571,dor grisolia,1
4572,salva dor,1
4573,estru tura,1
4574,corrupção estabelecer,1
4575,estabelecer mecanismos,1
4576,atuar fortemente,1
4577,fortemente nesse,1
4578,ações impactam,1
4579,garantir acessibilidade,1
4580,preços atinge,1
4581,atinge clientes,1
4582,buscamos continuamente,1
4583,corporativa ﬁibgcﬂ,1
4584,efetuamos diversas,1
4585,exigências regu,1
4586,rafael salva,1
4587,regu lamentares,1
4588,par ticipação,1
4589,ticipação societária,1
4590,compa nhia,1
4591,internas aconteceram,1
4592,aconteceram desde,1
4593,desde então,1
4594,então incluindo,1
4595,incluindo aprimoramentos,1
4596,direcio namentos,1
4597,namentos estratégicos,1
4598,social aprovado,1
4599,aquisição opa,1
4600,leonel dias,1
4601,opa sempre,1
4602,superior composto,1
4603,nove membros,1
4604,atribuições destacam,1
4605,planos plurianuais,1
4606,plurianuais propostos,1
4607,independentes superando,1
4608,executiva cabe,1
4609,executiva exercer,1
4610,ne gócios,1
4611,posição edy,1
4612,edy luiz,1
4613,luiz kogut,1
4614,kogut presidente,1
4615,presidente alexandre,1
4616,alexandre firme,1
4617,firme carneiro,1
4618,carneiro membros,1
4619,membros carlos,1
4620,carlos augusto,1
4621,augusto leone,1
4622,leone piani,1
4623,piani claudio,1
4624,claudio roberto,1
4625,roberto ely,1
4626,ely leonel,1
4627,direção superior,1
4628,administração passaram,1
4629,financeiro assembleia,1
4630,administra ção,1
4631,acionista individual,1
4632,individual acumular,1
4633,mudanças per,1
4634,per mitem,1
4635,notória experiência,1
4636,capacidade técnica,1
4637,técnica eleitos,1
4638,anos permitida,1
4639,mesmos parâmetros,1
4640,executiva adicionalmente,1
4641,adicionalmente vedamos,1
4642,demais gestores,1
4643,ceo officercomitê,1
4644,possuem extensa,1
4645,extensa experiência,1
4646,atuais membros,1
4647,vasta experiên,1
4648,experiên cia,1
4649,diretoria execu,1
4650,execu tiva,1
4651,processo analisamos,1
4652,con tribuição,1
4653,administração cf,1
4654,cf conselho,1
4655,contágio criação,1
